id,domain,status,purchase_price,renewal_price,attractiveness,demand,length,registrar,created_at,expires_at,status_verified_at
24d6a8d7-4101-4f8d-a7c1-3114cb4dd8e2,objection.prof,available,25.98,29.38,high,low,9,namecheap,,,25/09/2026 22:40
78229a71-2020-4150-ac99-5d94b8d3b2b1,loth.prof,available,25.98,29.38,medium,low,4,namecheap,,,24/08/2026 08:19
b2f5c6a9-eb8c-45af-8d96-f71c5331228d,contain.prof,premium,115.7,115.7,high,low,7,namecheap,,,24/09/2026 20:22
c0786d2f-612e-474c-b7f6-5c46d177014f,outflank.prof,available,25.98,29.38,medium,low,8,namecheap,,,09/08/2026 17:48
7f767975-387e-4b9b-a45b-ed1ceb91b17a,anthracite.prof,available,25.98,29.38,medium,low,10,namecheap,,,19/09/2026 13:48
5409d2ed-477d-4ae9-8d01-b506d6708f92,facilitation.prof,available,25.98,29.38,high,low,12,namecheap,,,17/09/2026 01:02
d7987c3f-f702-4cb6-a423-a91732c1d8af,newcomer.prof,available,25.98,29.38,high,low,8,namecheap,,,18/08/2026 07:31
41315cfd-562e-49d6-9adf-8dbe98016067,jovial.prof,available,25.98,29.38,high,low,6,namecheap,,,22/08/2026 13:42
0b5c61da-0839-44f4-b458-b98f88983e8c,rank.prof,premium,843.7,843.7,high,low,4,namecheap,,,24/09/2026 13:36
2a111fbf-0d94-42a9-8a72-d5cafb7dc0a5,veterinary.prof,premium,63.7,63.7,high,low,10,namecheap,,,13/09/2026 05:00
479fb3fe-2ff8-476a-9997-56ca3dc211a2,throat.prof,premium,63.7,63.7,high,low,6,namecheap,,,26/09/2026 00:01
a69a5e94-5f78-4051-a42c-bc35e4d54ed1,ballooning.prof,available,25.98,29.38,high,low,10,namecheap,,,21/09/2026 23:14
3c10d7ad-0886-4cfc-9c4b-cb100ce48df3,ugh.prof,premium,111.25,,medium,low,3,name.com,,,
2a3e89fe-4fa8-4f61-bf0e-1611497683e4,triplet.prof,available,25.98,29.38,medium,low,7,namecheap,,,
cbe1d290-7b0f-4da6-9f8c-d22e07228977,horns.prof,available,25.98,29.38,medium,low,5,namecheap,,,17/09/2026 08:11
bd4ef570-2b03-46ba-988e-19297d971f2f,mutant.prof,premium,115.7,115.7,high,low,6,namecheap,,,03/09/2026 11:39
519daae2-4543-4933-8ab0-f4ad6a5358c2,mothy.prof,available,25.98,29.38,low,low,5,namecheap,,,25/08/2026 07:14
d14c6613-6b32-4c58-94cc-f788f0170c2b,autistic.prof,available,25.98,29.38,high,low,8,namecheap,,,07/08/2026 19:22
e3edcada-34cf-4b1c-abdd-3a6dc12fb453,vacantly.prof,available,25.98,29.38,low,low,8,namecheap,,,16/09/2026 10:32
363d5c0e-df3c-4bfa-9da1-21bb1dc42ee7,humbly.prof,available,25.98,29.38,high,low,6,namecheap,,,15/09/2026 01:22
ca32cc29-38fa-4a95-a8d1-76065c42d186,alkane.prof,available,25.98,29.38,medium,low,6,namecheap,,,18/09/2026 08:24
b9faf676-4073-40ed-b656-b8ff2fc79b87,flippant.prof,available,25.98,29.38,medium,low,8,namecheap,,,18/08/2026 08:32
80d132d2-8c42-4fca-9eb4-1f26898991c0,armillaria.prof,available,25.98,29.38,medium,low,10,namecheap,,,20/09/2026 07:07
5b4620ae-ee51-4f06-8d86-b04bc52f1cd2,holdings.prof,premium,63.7,63.7,medium,low,8,namecheap,,,17/09/2026 20:27
07206499-721a-44f3-9ec1-1740fdb86980,lots.prof,premium,111.25,,high,low,4,name.com,,,
3a9a8415-8fab-43d4-a30e-92624e14183d,sharpened.prof,available,25.98,29.38,high,medium,9,namecheap,,,10/09/2026 06:03
41753675-7b3a-4b3d-9801-463335d4d221,skyward.prof,available,25.98,29.38,high,low,7,namecheap,,,21/08/2026 05:26
2b40ce29-4134-477f-8068-69b3d33710dd,tube.prof,premium,843.7,843.7,high,low,4,namecheap,,,25/09/2026 22:34
cc49b258-3ff2-4dc0-a6d5-237aa82013bd,hyperbolic.prof,available,25.98,29.38,high,low,10,namecheap,,,21/08/2026 16:44
0806c5b6-a164-4759-9542-9bf89879e710,decayed.prof,available,25.98,29.38,medium,low,7,namecheap,,,13/08/2026 20:59
7c924d13-a262-4c63-9a20-4a66b1d120f2,dashingly.prof,available,25.98,29.38,medium,low,9,namecheap,,,14/09/2026 10:41
6870153b-200f-4009-9ec7-9339317311ca,easy.prof,premium,843.7,843.7,high,high,4,namecheap,,,28/09/2026 03:39
a193f16f-f758-44d6-a6b1-04fdddcfedd1,overs.prof,available,25.98,29.38,medium,low,5,namecheap,,,20/09/2026 10:07
57b7149f-e9f6-4b68-b780-15ca62ce8ec1,scorching.prof,available,25.98,29.38,high,low,9,namecheap,,,09/09/2026 23:31
3864b412-faf3-4720-be4d-6be8a686bad4,subsets.prof,available,25.98,29.38,medium,low,7,namecheap,,,21/09/2026 01:05
9dfdf525-bd37-4d62-86b2-da17e646cdf3,multiply.prof,available,25.98,29.38,high,low,8,namecheap,,,15/09/2026 15:37
fef5949e-c3b9-439c-a74a-64b37c571050,mad.prof,premium,843.7,843.7,high,medium,3,namecheap,,,23/09/2026 02:06
b72d077b-1146-4b25-be78-1bb2f8f59075,unbounded.prof,available,25.98,29.38,high,medium,9,namecheap,,,10/08/2026 22:34
4463e3f8-f355-4392-ad72-a4405efdb0b4,unedited.prof,available,25.98,29.38,medium,low,8,namecheap,,,12/09/2026 08:51
290c2eec-d51c-4f86-9dff-cbebd21bd34e,roadman.prof,available,25.98,29.38,medium,low,7,namecheap,,,21/09/2026 18:08
ac382178-deaf-4eda-8a00-43b93a988c3b,dead.prof,premium,427.7,427.7,high,low,4,namecheap,,,24/09/2026 04:40
644ef9cc-2390-477f-9991-ed10bc51be6f,shells.prof,premium,63.7,63.7,medium,low,6,namecheap,,,19/09/2026 01:23
8470a15b-f621-4613-8e98-dadb3c037ecf,hospitable.prof,available,25.98,29.38,high,low,10,namecheap,,,21/08/2026 14:16
a2b7c579-1f00-4d93-936e-618921eedc33,indecisive.prof,available,25.98,29.38,medium,low,10,namecheap,,,22/08/2026 02:27
9df0327b-d78a-4004-9438-50a39d2ff780,cashed.prof,available,25.98,29.38,high,low,6,namecheap,,,11/08/2026 20:15
b25b23e0-775b-4a70-a793-462215d262cf,muggy.prof,available,25.98,29.38,medium,low,5,namecheap,,,03/09/2026 10:31
6a9263b3-1d96-4956-b3db-5a46874e8b9a,mick.prof,premium,49.2,,high,low,4,unstoppable,,,28/09/2026 02:25
35fb9075-c62b-46e0-9f5b-70a63710d9a3,surprise.prof,premium,198.75,,high,low,8,name.com,,,
31516e5d-e7cb-48c3-9675-15bbcd910de0,clothes.prof,premium,1623.75,,high,low,7,name.com,,,
b5fd6944-84ec-43ee-bef6-f175546cc30b,transfer.prof,premium,843.7,843.7,high,low,8,namecheap,,,19/09/2026 03:42
c1b77642-cd52-4548-ae05-d66eb292233d,stupe.prof,available,25.98,29.38,medium,low,5,namecheap,,,10/09/2026 23:06
8a3248d3-a72d-444f-9451-1f6676ebd57c,aeonium.prof,available,25.98,29.38,medium,low,7,namecheap,,,17/09/2026 12:40
10239a04-a9a3-4948-a0ea-e2aff55530a9,nemesis.prof,premium,63.7,63.7,high,low,7,namecheap,,,22/09/2026 01:42
b865a710-b7bb-4f2b-a700-9b4c493ce509,aesthetic.prof,premium,115.7,115.7,high,low,9,namecheap,,,21/09/2026 21:10
082c0040-c9a1-4ab1-9b8b-d720dd4cc344,sensual.prof,premium,115.7,115.7,high,low,7,namecheap,,,22/09/2026 04:34
8984e3bd-8494-41a2-b9ca-82d3ff94b7ea,foes.prof,available,25.98,29.38,medium,low,4,namecheap,,,18/09/2026 06:38
8ed0764e-2e52-4b0f-92b0-2e8f44b40fe1,damaging.prof,available,26.99,37.99,medium,low,8,name.com,,,13/08/2026 16:05
2aa35003-b651-474e-ab97-e7ce472cdab6,style.prof,premium,843.7,843.7,high,low,5,namecheap,,,08/09/2026 07:22
342345fa-0586-4d32-bc9e-45821157a33c,increased.prof,available,25.98,29.38,high,low,9,namecheap,,,25/09/2026 08:09
a51a7bdb-df67-4d95-b60e-e09c670c3814,unvalued.prof,available,25.98,29.38,medium,low,8,namecheap,,,12/09/2026 22:02
d800bb43-71fe-41f5-802f-949bf82ac3a4,mod.prof,premium,811.25,811.25,high,low,3,name.com,,,25/08/2026 02:27
86c5ffc9-27ba-4f25-8996-5f567e6c76c3,originally.prof,available,25.98,29.38,high,low,10,namecheap,,,15/09/2026 07:14
fdb774ae-fb66-4401-95bd-f9da93822320,echo.prof,premium,811.25,,high,medium,4,name.com,,,
1cc2dab3-eb9a-49bc-b107-3befed7a68ac,sacked.prof,available,25.98,29.38,medium,low,6,namecheap,,,24/09/2026 06:49
70041401-802c-4242-b573-b46138b08b65,hollywood.prof,premium,811.25,811.25,high,low,9,name.com,,,21/08/2026 10:34
3cfe560b-cc86-4554-9bee-cc8cab59d1d9,heroes.prof,premium,427.7,427.7,high,low,6,namecheap,,,17/09/2026 22:48
100a3562-1cab-4229-8364-c2001f22cced,faraway.prof,available,25.98,29.38,high,low,7,namecheap,,,17/08/2026 22:14
e9fa0db7-4a9e-4dbe-a7d5-cb3a2572240b,fifty.prof,premium,198.75,198.75,high,low,5,name.com,,,
a648d5cd-cb7c-4fd8-a942-7cbcbbdfb16b,compartment.prof,available,20.84,20.84,high,low,11,spaceship,,,28/09/2026 03:28
ff840a3a-99ea-403d-a01b-d9ceaef0947a,causing.prof,available,25.98,29.38,high,low,7,namecheap,,,24/09/2026 13:13
208b4c5e-a975-4a69-98e5-cb0fc5dc04e1,cancerous.prof,available,25.98,29.38,medium,low,9,namecheap,,,11/08/2026 16:33
2afe522f-121d-4865-9e83-e99fa6551a12,furnishings.prof,available,25.98,29.38,high,low,11,namecheap,,,16/09/2026 18:36
03e441e6-26f7-410c-a1b8-3db79b60e8ca,azores.prof,available,25.98,29.38,medium,low,6,namecheap,,,17/09/2026 02:13
e6251834-502d-475b-b9c6-53140f248769,salvific.prof,available,25.98,29.38,high,medium,8,namecheap,,,09/09/2026 21:03
6917c465-c46b-4574-b203-e0aee6166b07,tryst.prof,available,26.99,37.99,high,low,5,name.com,,,20/09/2026 16:22
604332d3-369f-4dbe-a109-12cadfc89e7f,modestly.prof,available,25.98,29.38,medium,low,8,namecheap,,,15/09/2026 15:13
af61aabe-1450-4ad4-a85e-3715f9347630,clipboard.prof,available,25.98,29.38,high,low,9,namecheap,,,24/09/2026 15:44
f074741e-31bb-4524-a223-d09b8f872724,informing.prof,available,26.99,,high,low,9,name.com,,,
206a5a91-3b2b-4f77-ba16-fa9dfeec4001,byzantine.prof,available,25.98,29.38,high,low,9,namecheap,,,11/08/2026 12:12
faf70a51-2bbb-46b2-95ad-4a1e55a6b783,disposable.prof,available,25.98,29.38,high,low,10,namecheap,,,14/08/2026 12:03
6b984d47-1ad6-4b6d-a866-a841ea8a2690,exist.prof,premium,111.25,,high,low,5,name.com,,,
96f90c6c-6b0e-4da0-80ec-ce175d842a94,jolt.prof,available,26.99,37.99,high,low,4,name.com,,,25/09/2026 11:45
29328795-ae77-4f50-b967-c1225d7f70b7,cohen.prof,premium,115.7,115.7,high,low,5,namecheap,,,27/09/2026 03:21
8cabc701-e2b1-49ad-afd0-e2eda8a9d6be,armorial.prof,available,25.98,29.38,medium,low,8,namecheap,,,06/08/2026 20:15
f31fa3af-948b-40b0-b58f-8d9712eb9405,amongst.prof,available,26.99,,medium,low,7,name.com,,,
470c3dae-afc9-4913-b16f-93c316b78ee9,friday.prof,premium,427.7,427.7,high,low,6,namecheap,,,25/09/2026 06:11
ed0f630f-c1dd-4d8d-b6bc-22412b9aa8c1,disposal.prof,available,25.98,29.38,high,low,8,namecheap,,,17/09/2026 08:43
68bf27e0-66ed-45cb-8932-e0d505ca2d4d,eristic.prof,available,25.98,29.38,medium,low,7,namecheap,,,17/08/2026 12:17
3476d7c8-9964-4970-8d93-825d922795a9,aton.prof,premium,63.7,63.7,medium,low,4,namecheap,,,20/09/2026 20:06
b158125c-2139-488a-ba27-cdc91522124b,predacious.prof,available,25.98,29.38,high,medium,10,namecheap,,,09/09/2026 01:21
a82a5ca5-0971-4af7-b623-cd4d6f3a51b8,crosby.prof,premium,63.7,63.7,high,low,6,namecheap,,,23/09/2026 17:15
253600ec-b776-4ace-873d-bee167addcb7,ingenuous.prof,available,25.98,29.38,medium,low,9,namecheap,,,06/08/2026 23:41
991f6b8d-0be9-4e8e-bbee-bf225c9f7b10,ted.prof,premium,811.25,,high,low,3,name.com,,,
da7d34b8-58a3-488d-816a-0bf5c6847841,glitter.prof,premium,111.25,,high,low,7,name.com,,,
9832a9ef-f96c-4a37-810d-c8597b8338ba,osmotic.prof,available,25.98,29.38,medium,low,7,namecheap,,,04/09/2026 18:15
192e2e0b-ba8b-4cff-a998-1a2ede50f2db,violet.prof,premium,115.7,115.7,high,medium,6,namecheap,,,09/09/2026 06:21
0438fd07-abcb-4ad0-be9f-1d7f23200ad6,anglophobe.prof,available,25.98,29.38,medium,low,10,namecheap,,,19/09/2026 06:55
ada0bf73-58c0-47dc-a5e3-e3f4092aa94f,natal.prof,premium,115.7,115.7,medium,low,5,namecheap,,,03/09/2026 13:37
5d90d1ef-14eb-44a1-a422-81031d871478,timeline.prof,premium,206.7,206.7,high,low,8,namecheap,,,27/09/2026 05:39
9b538028-a6f0-4d32-9bb0-3da03f0a8526,avionics.prof,available,25.98,29.38,high,low,8,namecheap,,,21/09/2026 09:35
cea637a9-9059-4ead-884a-e8d942d6d39b,countable.prof,available,25.98,29.38,high,low,9,namecheap,,,13/08/2026 03:28
31c1a668-5d8f-41a6-b19a-3bbdd9d22c1f,indulging.prof,available,25.98,29.38,high,low,9,namecheap,,,05/09/2026 00:26
44b6e67f-7a53-47e5-bfb5-c4f75cc51ccc,task.prof,premium,427.7,427.7,high,low,4,namecheap,,,24/09/2026 03:25
b00cab5f-dcc2-4406-ae00-936b518375f6,untreated.prof,available,25.98,29.38,medium,low,9,namecheap,,,12/09/2026 21:44
77346b09-4fb3-4fd7-936d-32693cd2e88b,spark.prof,premium,843.7,843.7,high,medium,5,namecheap,,,20/09/2026 01:07
aebf7020-a881-4dea-a54c-eddf1b15f1fd,musky.prof,available,25.98,29.38,high,low,5,namecheap,,,03/09/2026 11:33
e1789da9-baac-46c4-83ff-ffed6c90ec51,strips.prof,premium,63.7,63.7,medium,low,6,namecheap,,,20/09/2026 02:09
c96c0505-0363-435f-a853-d6dd61d61546,hilda.prof,available,20.84,20.84,medium,low,5,spaceship,,,27/09/2026 19:38
e2e3296d-eecb-42a1-90a2-9d06bd5c3b16,newfangled.prof,available,25.98,29.38,high,low,10,namecheap,,,03/09/2026 16:46
de13ef1b-255b-4910-91d7-1a71fc5f1026,thus.prof,premium,61.25,,high,low,4,name.com,,,
2743107e-b911-4ee7-acdf-3e702a7b4948,chichi.prof,premium,61.25,61.25,high,low,6,name.com,,,12/08/2026 04:46
f68ba1d4-4386-4d19-8dbf-18f5cc7d2b82,cant.prof,premium,427.7,427.7,medium,low,4,namecheap,,,13/09/2026 04:09
7c731f66-2f48-4e37-a0dc-1057c904fc43,ammoniac.prof,available,25.98,29.38,medium,low,8,namecheap,,,
1c0b9809-1e1b-44ed-a766-99224c2f74ed,fresher.prof,available,25.98,29.38,high,low,7,namecheap,,,18/08/2026 15:22
7e9a4dcc-1815-4a04-a241-36e66f630972,gusts.prof,available,25.98,29.38,medium,low,5,namecheap,,,20/09/2026 20:54
4b353d42-b343-4baf-a36e-3071a2cc63d6,games.prof,premium,1688.7,1688.7,high,medium,5,namecheap,,,25/09/2026 16:24
91bb18b2-d9fe-4756-854a-a03aca26717f,amulet.prof,premium,63.7,63.7,high,low,6,namecheap,,,19/09/2026 00:10
f3cdc8e2-b859-46df-83c0-c5b31e0546e7,presents.prof,premium,115.7,115.7,high,low,8,namecheap,,,08/09/2026 04:30
a2f17cfc-7158-4674-b8ec-c49e68d378b1,gyrate.prof,available,25.98,29.38,medium,low,6,namecheap,,,10/09/2026 15:51
c27c5b61-9c65-44ad-ae25-60350c316a4c,mash.prof,premium,61.25,,high,low,4,name.com,,,
be1d0eb7-b1d9-4722-9f21-5d295b6c047d,specialty.prof,premium,61.25,61.25,high,low,9,name.com,,,18/08/2026 12:30
35be318a-a1b1-4259-894b-d27c1429d9e8,fiber.prof,premium,198.75,,high,low,5,name.com,,,
301100f4-bd51-4eda-8488-72c225559ad9,taipei.prof,premium,61.25,,high,low,6,name.com,,,
8ad61cc1-0a1a-46ac-be38-f8a83b0a571b,channels.prof,premium,198.75,,high,low,8,name.com,,,
936623ac-a7cb-4fab-91f5-29b500d8d369,dandyish.prof,available,26.99,37.99,medium,low,8,name.com,,,13/08/2026 17:03
4b960539-a96a-4816-933f-3391d61ff63d,everbody.prof,available,26.99,,medium,low,8,name.com,,,
4aaf7db0-2a6b-49e1-a0e8-6a7b4d9eb42b,bathroom.prof,premium,206.7,206.7,high,low,8,namecheap,,,27/09/2026 06:27
601ead6c-4869-4249-b1fc-52f41e6bb20e,atkins.prof,premium,63.7,63.7,high,low,6,namecheap,,,25/09/2026 17:28
d96d7c60-f879-4406-8f9a-9f8d9174022e,take.prof,premium,811.25,,high,low,4,name.com,,,27/09/2026 19:44
9c83956e-fac5-4bbb-bb19-9f2bf8a6773b,chummy.prof,available,25.98,29.38,high,low,6,namecheap,,,11/08/2026 07:44
3844f1db-df54-4f32-aaa9-a1fd167111b5,rules.prof,premium,411.25,,high,low,5,name.com,,,
b7dc9990-fa8d-4f87-bfb4-1ce75d68ed3b,latter.prof,premium,63.7,63.7,high,low,6,namecheap,,,25/09/2026 13:08
6073c023-690c-41e6-b18b-94f1526f3d86,impudent.prof,available,25.98,29.38,medium,low,8,namecheap,,,18/08/2026 08:23
6c7973f6-10dd-4cd9-8f2a-e0fe3b6b5737,spangled.prof,available,25.98,29.38,high,low,8,namecheap,,,18/08/2026 21:17
62f1b5bb-09de-4437-8908-d785eb7857eb,stellar.prof,premium,115.7,115.7,high,medium,7,namecheap,,,22/09/2026 10:32
17c513d1-366d-4e75-8e76-1597074f4064,tegular.prof,available,25.98,29.38,medium,low,7,namecheap,,,11/09/2026 10:16
88113a27-1a05-47ed-a3e6-7774b093d272,fargo.prof,premium,115.7,115.7,high,low,5,namecheap,,,25/09/2026 22:42
7db94b61-f137-4a9a-ac3f-979136191afa,shoebird.prof,available,25.98,29.38,medium,low,8,namecheap,,,21/09/2026 20:37
6327b922-bdb8-489a-be13-0b0bcb8046ee,defence.prof,premium,111.25,,high,low,7,name.com,,,
74be86a5-93a4-478e-9608-db9713fa2f30,cytolytic.prof,available,26.99,37.99,medium,low,9,name.com,,,13/08/2026 14:42
63334f31-bda9-43fc-9733-1ce8055914e3,neoplastic.prof,available,25.98,29.38,medium,low,10,namecheap,,,03/09/2026 15:29
52ee498b-1981-4aa2-9832-91ddd46702cb,roundness.prof,available,25.98,29.38,medium,low,9,namecheap,,,16/08/2026 12:39
4dc40a43-0236-4118-b1c9-0121f10eb5ca,repulsive.prof,available,25.98,29.38,medium,low,9,namecheap,,,
65662a64-bdeb-42c2-85f7-e4ce43166bb4,birdsong.prof,available,25.98,29.38,high,low,8,namecheap,,,23/09/2026 20:37
118eb4a1-8222-4df6-b394-57d46a8d0a88,blissfully.prof,available,25.98,29.38,high,low,10,namecheap,,,14/09/2026 00:23
814c7314-213f-4ab2-a928-4d6017dcf5e5,relics.prof,available,25.98,29.38,medium,low,6,namecheap,,,18/09/2026 20:08
46046155-b21e-440d-a1ba-2662eb85c934,starlit.prof,available,25.98,29.38,medium,low,7,namecheap,,,10/09/2026 18:56
25f39e37-24d1-486e-afd4-1e8a567dc118,gail.prof,available,26.99,,high,low,4,name.com,,,
3cb310cb-89ae-4a30-931c-ba5345604b24,siliceous.prof,available,25.98,29.38,high,medium,9,namecheap,,,10/09/2026 08:07
f39a28a7-2a5a-449e-87bb-9dc27ebc6a8a,pulseless.prof,available,25.98,29.38,high,medium,9,namecheap,,,09/09/2026 05:58
fb0c7ecd-87e9-4e12-8d05-0c7557054d51,rude.prof,premium,115.7,115.7,high,low,4,namecheap,,,22/09/2026 16:12
a73afd42-9725-49f5-9108-c6361a084126,marvellous.prof,available,25.98,29.38,high,low,10,namecheap,,,25/09/2026 00:14
47100889-d7a0-4cb8-90c6-9ec5d860790d,hurts.prof,available,25.98,29.38,medium,low,5,namecheap,,,27/09/2026 23:53
4dae48b8-3e9d-421d-8b3b-9e2addd257db,loamy.prof,available,25.98,29.38,medium,low,5,namecheap,,,24/08/2026 08:15
630d7ed8-c235-4724-91f0-aacbe63ebc9a,athyrium.prof,available,25.98,29.38,medium,low,8,namecheap,,,20/09/2026 21:22
a54f5135-4c98-44b1-af7d-e9776e8f415d,airfield.prof,available,25.98,29.38,high,low,8,namecheap,,,17/09/2026 23:09
2c32f4c7-b9ab-4e3c-8e9b-227a2bb9bb97,bawdyhouse.prof,available,25.98,29.38,medium,low,10,namecheap,,,21/09/2026 18:21
42e912e2-1011-4c50-b4b5-bdff11d16fbe,berkshire.prof,available,25.98,29.38,high,low,9,namecheap,,,23/09/2026 09:33
02aaa2f2-3334-482c-8bce-a95295bac990,stealthy.prof,available,25.98,29.38,medium,low,8,namecheap,,,18/08/2026 19:00
5b5161fb-1ef9-4a16-9521-40844181adbf,restless.prof,available,20.84,20.84,high,low,8,spaceship,,,27/09/2026 12:53
2a1551db-e629-45f6-a78c-b8b969c79996,clipboards.prof,available,26.99,37.99,medium,low,10,name.com,,,20/09/2026 11:59
0e59c138-99e5-4237-b625-6660cf627dc9,ascendant.prof,available,25.98,29.38,high,low,9,namecheap,,,
44e2dd3d-6308-405c-a88b-c311694b1bd3,stoker.prof,available,25.98,29.38,medium,low,6,namecheap,,,16/09/2026 16:53
bb3991b9-010c-4890-a669-50bab4a6ae01,synchronise.prof,available,26.99,,high,low,11,name.com,,,
cf42e7d5-7377-4914-94d2-d785b3b6350e,monitor.prof,premium,411.25,,high,low,7,name.com,,,
2cc07e3b-ddc9-488b-8dbd-7cbc9942b58f,campanula.prof,available,25.98,29.38,high,low,9,namecheap,,,23/09/2026 06:05
cbbdca5b-f80b-4d38-863a-d29216916164,neem.prof,available,25.98,29.38,high,low,4,namecheap,,,20/09/2026 05:40
49e5e341-2156-477a-9573-76e9e4625e3e,dissolved.prof,available,25.98,29.38,medium,low,9,namecheap,,,14/08/2026 12:56
838c58eb-2d49-4038-9cd4-0d79654b7b95,lucidly.prof,available,25.98,29.38,medium,low,7,namecheap,,,15/09/2026 12:12
86b38041-d38a-49b4-afcb-e5a83091fa3a,pepsi.prof,available,26.99,,high,low,5,name.com,,,
8a75d447-8278-4e6e-a240-ba45efc44a5e,haughty.prof,available,25.98,29.38,medium,low,7,namecheap,,,21/08/2026 01:24
f2759f8a-a082-4e5f-bd17-ccc2c75e6b4b,identical.prof,available,25.98,29.38,high,low,9,namecheap,,,25/09/2026 07:23
51b146c1-5576-4b55-b52b-8d0d921fb3a2,eroticism.prof,available,25.98,29.38,medium,low,9,namecheap,,,18/09/2026 16:10
ef4c2270-48a7-4976-87b2-e0b6bbb4f23f,chainlike.prof,available,25.98,29.38,medium,low,9,namecheap,,,11/08/2026 21:34
c1100ba9-04ca-4fac-b5da-11f159e55eff,strict.prof,available,25.98,29.38,high,low,6,namecheap,,,21/08/2026 00:17
3a8e5f1b-d73c-4207-9083-36c4c094ee19,frisky.prof,available,25.98,29.38,high,low,6,namecheap,,,18/08/2026 16:02
319927d5-b4fd-4486-aad3-d6751508a752,irrational.prof,available,25.98,29.38,high,low,10,namecheap,,,25/09/2026 11:23
d2d69ec8-cd7c-4006-832c-5ee6bbcaba6f,humorless.prof,available,25.98,29.38,medium,low,9,namecheap,,,21/08/2026 15:23
a8f48aae-508c-446c-aefd-c8785f3df99c,turgid.prof,available,25.98,29.38,medium,low,6,namecheap,,,10/08/2026 18:07
7c6b2d61-fe75-427b-9376-63f9c2db35d1,times.prof,premium,811.25,,high,low,5,name.com,,,
f21ae49e-b0a8-42d7-939f-d994a265cf2e,sedative.prof,available,25.98,29.38,high,low,8,namecheap,,,22/09/2026 10:55
22da84fe-2cdf-487a-8517-fd06a2c8ebab,louvered.prof,available,25.98,29.38,medium,low,8,namecheap,,,24/08/2026 10:04
6879bd9b-e262-4f33-8a4a-955032812039,deejay.prof,premium,61.25,,high,low,6,name.com,,,
95ee129f-43a6-43b0-a5ca-676b85bb9137,tolerably.prof,available,25.98,29.38,high,medium,9,namecheap,,,10/09/2026 12:56
cb545bf6-dc38-40df-925e-b1002b43cddc,autologous.prof,available,25.98,29.38,medium,low,10,namecheap,,,07/08/2026 20:37
1942cb72-6fe8-437c-8a98-34ad97960142,try.prof,premium,811.25,,high,low,3,name.com,,,
2e3c7ea6-659b-48e2-8e7e-5a6822a63692,roofed.prof,available,25.98,29.38,high,medium,6,namecheap,,,09/09/2026 18:33
0d81c1a3-a5a8-435c-aadd-e625f10ccb4b,dealership.prof,available,25.98,29.38,high,low,10,namecheap,,,25/09/2026 03:26
d64faad8-4ed9-430d-9edd-b45172b4763d,jural.prof,available,25.98,29.38,medium,low,5,namecheap,,,22/08/2026 14:34
39af82d0-5a22-4df9-9a09-3a62d693e41f,audio.prof,premium,811.25,,high,low,5,name.com,,,
5def9b4f-b07f-4347-b4e3-2f494958cdd9,astronaut.prof,available,25.98,29.38,high,low,9,namecheap,,,20/09/2026 17:56
e895c4af-f991-4efc-9afa-283e542e8aec,perennial.prof,available,25.98,29.38,high,low,9,namecheap,,,08/09/2026 16:26
c0f01275-312f-4876-a132-11e7091fef14,shop.prof,premium,1688.7,1688.7,high,medium,4,namecheap,,,24/09/2026 21:43
d3e79665-8039-4076-8232-a73b4f763b19,akka.prof,available,25.98,29.38,high,low,4,namecheap,,,16/09/2026 22:23
ec55e450-4e84-48cd-a623-c3179bed4d71,unafraid.prof,available,25.98,29.38,high,low,8,namecheap,,,10/09/2026 01:28
d8b3b42f-7bd3-47a5-a3eb-f38fb2b5c8d5,baryta.prof,available,25.98,29.38,medium,low,6,namecheap,,,22/09/2026 09:42
f00cecba-d9f6-4ad6-9f06-bd30eb56b32f,shrewdness.prof,available,25.98,29.38,high,low,10,namecheap,,,20/09/2026 18:18
a3f6b8d8-4981-4ed0-9a51-2bb6aa723ee5,allergist.prof,available,26.99,,high,low,9,name.com,,,
441b8df4-0bb0-4ec0-811a-97c5d236e305,hitting.prof,available,25.98,29.38,high,low,7,namecheap,,,25/09/2026 07:22
37034a7c-d96e-4c52-bbc0-902be7160332,candied.prof,available,25.98,29.38,medium,low,7,namecheap,,,11/08/2026 16:48
13a53064-530d-4be0-b5cd-f75f27a4f5a2,chickpeas.prof,available,25.98,29.38,medium,low,9,namecheap,,,20/09/2026 11:04
41fbe050-016c-42cc-bdd6-851d5d6bdbc9,ombu.prof,available,25.98,29.38,medium,low,4,namecheap,,,23/09/2026 05:53
b31f6f91-5568-4b95-b299-f3c80c093614,objective.prof,premium,115.7,115.7,high,low,9,namecheap,,,03/09/2026 20:47
57797bf3-ef33-48e2-bbaa-5330a1c645a6,safety.prof,premium,843.7,843.7,high,low,6,namecheap,,,08/09/2026 08:04
fb961784-ac09-407a-b748-e39238ba9289,carleton.prof,available,25.98,29.38,high,low,8,namecheap,,,25/09/2026 15:18
f96d60e6-d7e1-44e0-aeae-3d031334e514,seamed.prof,available,25.98,29.38,medium,low,6,namecheap,,,10/09/2026 00:45
8a00989c-d47e-4041-a067-265aab8d731b,antibiotic.prof,available,25.98,29.38,high,low,10,namecheap,,,22/09/2026 06:14
feaf5ed5-f644-4e11-bcc9-e4ec67d0ebef,throng.prof,available,25.98,29.38,high,low,6,namecheap,,,24/09/2026 17:08
6460d4cd-d68a-4502-8ef0-b3ce831023ea,albuca.prof,available,25.98,29.38,medium,low,6,namecheap,,,18/09/2026 03:19
c7b368f7-508a-4ea0-bb55-e914d6186977,diary.prof,premium,427.7,427.7,high,low,5,namecheap,,,24/09/2026 22:13
917533da-c7bb-4fe5-848d-6fb67ecc559a,inborn.prof,available,25.98,29.38,medium,low,6,namecheap,,,12/08/2026 21:42
97d03f83-3a8e-4a33-84f5-2765dd84840f,trebuchet.prof,available,25.98,29.38,medium,low,9,namecheap,,,20/09/2026 00:39
7cc84768-a72c-455a-ba4a-5260ba32b48c,coffeeberry.prof,available,26.99,,high,low,12,name.com,,,
2a0d62e8-7f52-4751-8ed3-4b987ae40b50,agricola.prof,available,25.98,29.38,high,low,8,namecheap,,,17/09/2026 19:19
3b3d28da-2251-4365-a3c5-e1a43be0d875,sinners.prof,available,26.99,,medium,low,7,name.com,,,
3d29858d-5477-42d6-8a7b-e51456cea0d2,watched.prof,available,25.98,29.38,high,low,7,namecheap,,,18/09/2026 01:33
13b46f57-5684-4cfa-a4ee-05dd43c6e913,haywood.prof,available,26.99,37.99,medium,low,7,name.com,,,23/09/2026 14:07
5b87e5bb-6ac2-4e3b-b497-1d120d9b2ff1,ethiopian.prof,premium,61.25,61.25,high,low,9,name.com,,,17/08/2026 13:47
d77b7b1f-2c7d-420a-a95c-83bf1faee4e5,cincinnati.prof,premium,61.25,,high,low,10,name.com,,,
19361c90-e710-4866-bffe-f919ce3869d4,unweaned.prof,available,25.98,29.38,low,low,8,namecheap,,,12/09/2026 22:29
963614fd-2276-47f7-a31c-a3e22934f6f4,baguet.prof,available,25.98,29.38,medium,low,6,namecheap,,,21/09/2026 18:30
343756ad-5815-44ac-871c-c3349240ea39,win.prof,premium,115.7,115.7,high,medium,3,namecheap,,,25/09/2026 11:02
c32c0b1c-d667-48c4-9d41-7d43102cab75,destructive.prof,available,26.99,,medium,low,11,name.com,,,
7d44b51e-f882-4843-9ee3-1e0f48a2c2bd,salvadoran.prof,available,25.98,29.38,high,medium,10,namecheap,,,09/09/2026 21:01
6f727323-cdf6-4616-a9a0-c1a91d37308b,bell.prof,premium,411.25,,high,low,4,name.com,,,
4df284f3-b462-406d-bef3-a89d42ea4991,bechamel.prof,available,25.98,29.38,medium,low,8,namecheap,,,22/09/2026 22:33
87940768-724b-428d-8043-309c0b0d199d,metaphoric.prof,available,25.98,29.38,medium,low,10,namecheap,,,24/08/2026 21:45
b536744d-ce2d-4135-8c49-cf5d2949789d,florida.prof,premium,843.7,843.7,high,medium,7,namecheap,,,25/09/2026 05:49
253c5cd1-e5e8-4f0b-9d73-0c0cca4be14b,lettuce.prof,available,26.99,,high,low,7,name.com,,,
b4947a62-019e-4174-b390-296a258293c1,spiffy.prof,available,26.99,37.99,high,low,6,name.com,,,13/08/2026 17:36
32f68e2d-e9da-47f4-9398-8ce1d5472c9e,amoeboid.prof,available,25.98,29.38,medium,low,8,namecheap,,,
e40a3c6b-092d-4b72-bf9f-b8b2396d93c3,lapsing.prof,available,25.98,29.38,medium,low,7,namecheap,,,09/09/2026 16:15
01632236-080d-4860-99a8-4d1dc996d829,pinnate.prof,available,25.98,29.38,high,medium,7,namecheap,,,08/09/2026 19:48
5e59ec3b-2151-456f-8415-d8e320fee2a2,stoic.prof,available,25.98,29.38,high,low,5,namecheap,,,10/09/2026 20:57
280c241d-b89e-41ad-ba2e-8b886c171126,statehood.prof,available,26.99,,high,low,9,name.com,,,
45dd8b6a-83a9-4b30-bc87-5d3a8e91d388,bolshie.prof,available,25.98,29.38,medium,low,7,namecheap,,,10/08/2026 17:55
5c489279-6aab-4843-a16c-db6f265ce739,delible.prof,available,25.98,29.38,low,low,7,namecheap,,,14/08/2026 00:35
df30ac7b-2bb8-4619-a72e-c94a8ba4d4c9,wherever.prof,available,25.98,29.38,medium,low,8,namecheap,,,16/09/2026 11:29
ced0dbc2-401d-48a4-988d-cfa222d04c64,okey.prof,premium,63.7,63.7,medium,low,4,namecheap,,,03/09/2026 23:19
039b7959-8fda-47a9-918d-416c80017738,vegetarian.prof,premium,61.25,,high,low,10,name.com,,,
1ca02b42-bf1f-40e0-819e-9e5a6be89f6f,exposure.prof,premium,115.7,115.7,high,low,8,namecheap,,,08/09/2026 13:44
8238908a-7afe-4439-9d88-bd1475586a1e,fernando.prof,premium,63.7,63.7,high,low,8,namecheap,,,25/09/2026 14:20
17fd0ae6-318d-45ec-9945-182fca9534af,summertime.prof,available,25.98,29.38,high,low,11,namecheap,,,18/09/2026 00:39
0aada9e8-f170-48fc-bb1f-abf502f9b967,electricians.prof,available,25.98,29.38,medium,low,12,namecheap,,,20/09/2026 20:08
2595251e-604c-4e63-b008-cdbbba979e06,organized.prof,premium,63.7,63.7,high,low,9,namecheap,,,26/09/2026 00:25
6c7ba0f3-f4cf-4b92-83c7-f0bf42cddfe5,blackwater.prof,available,26.99,37.99,medium,low,10,name.com,,,24/09/2026 03:24
727df30c-1374-4bf8-b1f8-5f8804c65f92,lure.prof,premium,63.7,63.7,high,low,4,namecheap,,,21/09/2026 19:43
9b699252-615e-4a02-9d5d-bc17e02fb2f7,nifty.prof,premium,61.25,61.25,high,low,5,name.com,,,08/08/2026 12:38
4a7ac43b-9ea1-485e-8cec-99e776ec4b19,sunshade.prof,available,25.98,29.38,high,low,8,namecheap,,,21/09/2026 10:14
b3ef43f0-9916-4be6-a251-26bae039ab4b,chickpea.prof,available,25.98,29.38,high,low,8,namecheap,,,24/09/2026 14:29
904dd152-d9a0-48b5-8348-31cf8758ee4b,akhenaten.prof,available,25.98,29.38,medium,low,9,namecheap,,,17/09/2026 23:57
d5b9fe22-664a-4e69-aa05-b3b24315543d,buzzing.prof,available,25.98,29.38,high,low,7,namecheap,,,
f4d08fce-89c0-4e97-bab5-6f712e22ffb7,unseen.prof,available,25.98,29.38,high,low,6,namecheap,,,12/09/2026 16:05
cd0307c9-37fa-492a-98b9-58435f0c9987,integrally.prof,available,25.98,29.38,medium,low,10,namecheap,,,15/09/2026 08:51
739de102-0170-401a-88fd-32320b5e3b44,crotchety.prof,available,25.98,29.38,medium,low,9,namecheap,,,13/08/2026 08:25
63b4eba6-363e-4f7c-9d03-e69af175760c,comte.prof,available,25.98,29.38,high,low,5,namecheap,,,21/09/2026 03:56
e6f60348-ec83-45ec-ae4a-a39b8b1deae5,deity.prof,available,25.98,29.38,high,low,5,namecheap,,,24/09/2026 21:23
d1d848fd-09f7-4572-ade7-ce74b2cef6aa,eared.prof,available,25.98,29.38,medium,low,5,namecheap,,,14/08/2026 14:39
d80abd57-98c1-427a-8ac1-20b7de35286c,unsuitable.prof,available,25.98,29.38,medium,low,10,namecheap,,,22/08/2026 00:19
f6d76508-4588-45d5-9bf7-cabdcc6f2525,resonating.prof,available,26.99,37.99,high,low,10,name.com,,,27/09/2026 12:29
a9413e37-8673-41d0-851c-416645e1cb58,hayden.prof,premium,63.7,63.7,high,low,6,namecheap,,,25/09/2026 15:33
36882e15-0fa1-4e2d-8b2a-bcdf21381ff2,adoringly.prof,available,25.98,29.38,medium,low,9,namecheap,,,13/09/2026 17:23
a6b45f16-ae0c-4c45-8276-67aa01a52ce0,hartley.prof,available,25.98,29.38,high,low,7,namecheap,,,25/09/2026 04:45
3aa95470-958d-4860-99db-de756fe4729f,clifton.prof,premium,63.7,63.7,medium,low,7,namecheap,,,25/09/2026 19:29
ebc77cfc-7a16-48ed-8a11-5c979ce8f451,ssi.prof,premium,111.25,,high,low,3,name.com,,,
47ba9924-2baf-48aa-8ead-ccaaed72a08f,tool.prof,premium,843.7,843.7,high,low,4,namecheap,,,24/09/2026 16:13
0ede1380-8755-422a-a488-b9b165ce4c3d,perfidy.prof,available,25.98,29.38,medium,low,7,namecheap,,,23/09/2026 11:25
9e1df914-62db-4b5e-8adf-e9adfe5ed702,neuronal.prof,available,25.98,29.38,medium,low,8,namecheap,,,03/09/2026 16:20
ed1267a0-376d-40f5-bd3b-5ddad9de8b07,cooler.prof,premium,115.7,115.7,high,low,6,namecheap,,,24/09/2026 18:05
3cf9516e-b377-4da1-8702-bfd7259b9741,rider.prof,premium,198.75,,high,low,5,name.com,,,
7983cb3d-0add-4bc8-b1d9-fadc0cf9cc45,unsound.prof,available,25.98,29.38,medium,low,7,namecheap,,,24/09/2026 16:24
5f9f3126-0331-452d-a054-824819a4c1c5,balthazar.prof,available,25.98,29.38,high,low,9,namecheap,,,22/09/2026 00:14
a5b3e7b0-dede-4eb3-8dc3-77423b0149b7,nutlike.prof,available,25.98,29.38,medium,low,7,namecheap,,,03/09/2026 23:16
375ea8d0-f66e-4895-a641-bfb7bf3a9ab9,taxpaying.prof,available,25.98,29.38,medium,low,9,namecheap,,,11/09/2026 09:32
cddafcd0-6d6a-451a-be44-bb400527cee8,aga.prof,premium,115.7,115.7,high,low,3,namecheap,,,17/09/2026 15:58
fd608cd5-0091-46ee-9c95-eb5a4fb9776d,shapely.prof,available,25.98,29.38,high,low,7,namecheap,,,10/09/2026 05:57
87bdf105-e372-4665-b6c6-d0aa7c316fb8,thirdly.prof,available,25.98,29.38,medium,low,7,namecheap,,,11/09/2026 13:39
d63664f8-6641-432f-b623-c61ffae82917,chalkboard.prof,available,25.98,29.38,high,low,10,namecheap,,,24/09/2026 02:10
d8a377f1-61e5-4e13-9506-fad7fe9db390,actinidia.prof,available,25.98,29.38,medium,low,9,namecheap,,,17/09/2026 04:47
32886bdb-a64d-47a3-b8e8-900952ef5530,iranian.prof,premium,61.25,61.25,high,low,7,name.com,,,22/08/2026 09:39
ab81d30d-5ec1-4447-9fd8-0bc327102739,penetration.prof,available,25.98,29.38,medium,low,11,namecheap,,,08/09/2026 15:09
143f6cbb-7bec-4aa5-9b60-f5932d7f3261,nutriment.prof,available,25.98,29.38,medium,low,9,namecheap,,,18/09/2026 07:52
aca54beb-969c-460c-b168-0891444e2ed8,finalize.prof,available,26.99,,high,low,8,name.com,,,
76c75935-c30a-456f-867e-49b4094ecb91,operatic.prof,available,25.98,29.38,medium,low,8,namecheap,,,04/09/2026 16:24
bf5a58e1-f259-4c42-97c1-64d82326f964,eastern.prof,premium,115.7,115.7,high,low,7,namecheap,,,24/09/2026 13:10
0ef541fb-0ee3-4dd3-9cf1-0b8a2fd9ddec,misprint.prof,available,25.98,29.38,medium,low,8,namecheap,,,24/08/2026 02:49
3a86649e-8eb3-4e97-9f72-aadcdda7cca8,abnaki.prof,available,25.98,29.38,medium,low,6,namecheap,,,
912680e0-89aa-4e86-a7bb-ef6d41ca4d05,francisca.prof,available,26.99,,high,low,9,name.com,,,
5ed608c0-6e69-4727-b7fb-15940060c5ba,bunny.prof,premium,411.25,,high,low,5,name.com,,,
963ad109-78dd-4fcf-8037-618e67683546,fla.prof,premium,111.25,,high,low,3,name.com,,,
4c7652cb-b98f-42da-a4b5-bff11af1eee8,arrows.prof,premium,63.7,63.7,medium,low,6,namecheap,,,17/09/2026 06:24
90fe5c4d-938a-4504-bf1d-35aa688b1afe,zhou.prof,premium,115.7,115.7,high,low,4,namecheap,,,25/09/2026 22:14
335c753e-5e99-480f-8b5f-6c877b37151e,nebula.prof,premium,61.25,,high,low,6,name.com,,,
b6c73232-de22-437f-bc31-d55c8dd9ada5,melanesian.prof,available,25.98,29.38,medium,low,10,namecheap,,,24/08/2026 19:29
7c3579d5-e33a-4101-b806-4ded196f12d0,lustrous.prof,available,25.98,29.38,high,low,8,namecheap,,,11/08/2026 11:00
508dafce-32dd-4162-8018-76123bac9af8,strange.prof,premium,198.75,,high,low,7,name.com,,,28/09/2026 01:26
dba21139-a46e-4da0-8b95-80b7b151da3b,stripes.prof,premium,63.7,63.7,high,low,7,namecheap,,,24/09/2026 14:23
401cd3e4-ffbd-4d46-ae87-c7f8bb71e71e,thwart.prof,available,25.98,29.38,medium,low,6,namecheap,,,09/09/2026 08:15
2b043f89-7a49-4431-bab6-c4ffbf3e54ed,evan.prof,premium,115.7,115.7,high,low,5,namecheap,,,25/09/2026 13:11
01fcca61-9230-4414-b467-5456055e85ae,wiggly.prof,available,25.98,29.38,medium,low,6,namecheap,,,10/09/2026 08:40
ee149c56-8a54-48ba-8891-b7c76a88ef58,tks.prof,premium,111.25,,high,low,3,name.com,,,
e0c90d16-6170-4135-8f48-9783908f2cc9,dominate.prof,available,25.98,29.38,high,low,8,namecheap,,,16/09/2026 01:33
492464fb-861c-4f88-a9e1-12e4494f1a3a,grams.prof,premium,63.7,63.7,high,low,5,namecheap,,,18/09/2026 05:03
0ba46739-e5cc-47a3-a186-3932d4e2255b,silenced.prof,available,25.98,29.38,high,medium,8,namecheap,,,10/09/2026 08:05
12dcbcc7-c13e-46a4-aaec-ab412fb633e2,silently.prof,available,25.98,29.38,medium,low,8,namecheap,,,15/09/2026 15:52
8eb27f8d-278c-4d8e-8e58-5355ab090316,zimmerman.prof,available,25.98,29.38,high,low,9,namecheap,,,27/09/2026 20:41
2efaefcc-600b-4611-96ac-1dd12195a756,enemies.prof,available,25.98,29.38,medium,low,7,namecheap,,,25/09/2026 17:51
26d75b25-569f-4b8f-81ce-81002a91b743,denude.prof,available,25.98,29.38,medium,low,6,namecheap,,,14/08/2026 02:02
493c88ff-b321-456e-8e43-9b013d4f120f,contingent.prof,available,25.98,29.38,high,low,10,namecheap,,,23/09/2026 22:07
3e75e7a8-5b20-4107-92d6-5e15a2f86ee8,unfrozen.prof,available,25.98,29.38,medium,low,8,namecheap,,,12/09/2026 10:54
29fb3c04-441d-459b-84a3-ce60786c3c40,citric.prof,available,25.98,29.38,medium,low,6,namecheap,,,12/08/2026 08:54
d3fb2f2c-91df-4e45-a231-7bce19719b52,barrack.prof,available,25.98,29.38,medium,low,7,namecheap,,,22/09/2026 07:48
f2960f9c-9da7-43aa-9871-231901c5548c,residence.prof,premium,115.7,115.7,high,low,9,namecheap,,,16/09/2026 16:23
d9f6f947-3fa8-420e-9539-91c3d49f4ab8,armstrong.prof,premium,63.7,63.7,high,medium,9,namecheap,,,20/09/2026 07:49
ff73d100-1ad7-4d86-a1f8-d236ded2a203,apace.prof,available,25.98,29.38,medium,low,5,namecheap,,,13/09/2026 20:22
2aca1a1f-cd07-4c12-bf24-12d0b6bbd987,allmouth.prof,available,25.98,29.38,medium,low,8,namecheap,,,18/09/2026 11:45
4161c644-3f23-4190-8fe7-d803b3b0f49c,revised.prof,available,20.2,20.2,high,low,7,cloudflare,,,27/09/2026 14:32
4e0da83f-7bf8-440f-8148-8acbeadec0fa,firedog.prof,available,25.98,29.38,medium,low,7,namecheap,,,19/09/2026 04:06
e59cce3c-a2b3-4ce6-9597-276406abbb03,cases.prof,premium,427.7,427.7,medium,low,5,namecheap,,,17/09/2026 16:31
3ad956ac-282c-4a30-b873-4a42499b6520,agronomic.prof,available,25.98,29.38,medium,low,9,namecheap,,,
03573075-c959-4468-8af1-f83e70c4ee06,sweetie.prof,available,25.98,29.38,high,low,7,namecheap,,,10/09/2026 19:34
213d93b6-0f26-4cc0-a0e6-043f31e9477a,fears.prof,available,25.98,29.38,medium,low,5,namecheap,,,27/09/2026 08:58
7bcce92e-5e12-464b-8e8f-e8591034aabf,hardbound.prof,available,25.98,29.38,medium,low,9,namecheap,,,21/08/2026 00:42
87412644-2bc7-4a4f-8335-01e242309e11,aristotle.prof,available,25.98,29.38,high,low,9,namecheap,,,20/09/2026 05:59
c2dd7b92-eb87-4510-bead-ab691a61aa8f,fluorescence.prof,available,20.2,20.2,medium,low,12,cloudflare,,,27/09/2026 23:02
458d9e0e-2014-43b6-821d-eb51aabff27c,alan.prof,premium,843.7,843.7,high,low,4,namecheap,,,25/09/2026 11:29
d02b669e-13a5-41bb-afab-6c51666f0435,bonn.prof,premium,111.25,111.25,high,low,4,name.com,,,25/09/2026 01:56
12cfb445-3870-4a02-8df7-37e34720c792,colombian.prof,available,25.98,29.38,high,low,9,namecheap,,,12/08/2026 17:18
cbfd4a2d-75b3-4c72-829c-0bd4c282f1e9,listless.prof,available,25.98,29.38,medium,low,8,namecheap,,,14/08/2026 12:00
a3844f51-e101-4768-afb7-7be29d2c3df3,wigeon.prof,available,25.98,29.38,medium,low,6,namecheap,,,19/09/2026 03:00
572b2391-2111-4777-9ec6-a57963f070d5,commode.prof,available,25.98,29.38,high,medium,7,namecheap,,,09/09/2026 00:51
0f676934-a3d8-4dc8-bde8-cbedff362a0f,fundament.prof,available,25.98,29.38,medium,low,9,namecheap,,,09/08/2026 10:59
952ef3d4-d677-470d-9584-79a6a5790f52,zombie.prof,premium,427.7,427.7,high,low,6,namecheap,,,21/09/2026 07:05
7e95d43c-422f-492b-a433-fd9eebd31185,tutu.prof,premium,206.7,206.7,high,low,4,namecheap,,,21/09/2026 22:53
7469197e-325f-479b-a38f-641635b103e5,technicality.prof,available,26.99,,high,low,12,name.com,,,
552dd6aa-b297-4e26-8314-082b5ce55cad,floodwaters.prof,available,25.98,29.38,medium,low,11,namecheap,,,21/09/2026 03:37
5870f737-0b3b-4d2c-91a2-95efbed6d0f7,editor.prof,premium,843.7,843.7,high,low,6,namecheap,,,25/09/2026 05:10
2cd9e087-1150-4c0c-aa26-f5086d6161bb,saccharine.prof,available,25.98,29.38,medium,low,10,namecheap,,,12/08/2026 12:48
0b223157-60a6-4a08-a0dc-d05307d46a82,servant.prof,premium,115.7,115.7,high,low,7,namecheap,,,25/09/2026 06:52
1923c49e-a6d3-4d3a-809d-2ea1f5fa1e3d,inviolable.prof,available,25.98,29.38,medium,low,10,namecheap,,,21/08/2026 23:02
4bc144a2-17af-4c48-a437-fef0fdb7fd2a,whiner.prof,available,25.98,29.38,medium,low,6,namecheap,,,23/09/2026 06:44
ec00320f-05ce-4a0e-bbeb-4fc72e413c43,taxonomic.prof,available,25.98,29.38,medium,low,9,namecheap,,,11/09/2026 09:30
1144d1ce-46ee-4051-a547-dc72e78f8209,kilogram.prof,available,26.99,,high,low,8,name.com,,,
4c3621d2-49e5-4fba-97f8-2816631ec3f6,cats.prof,premium,1688.7,1688.7,high,low,4,namecheap,,,17/09/2026 10:29
978bdd15-6d6f-4f8b-b675-f4ae39df632a,rightist.prof,available,25.98,29.38,medium,low,8,namecheap,,,09/09/2026 17:31
8e417a20-24dd-457e-b81c-142d700fec1a,adventive.prof,available,25.98,29.38,medium,low,9,namecheap,,,
46fe2738-ab46-4561-885e-b0004438cbc8,paradise.prof,premium,427.7,427.7,high,low,8,namecheap,,,25/09/2026 22:31
c45d3a3f-8f14-4886-ad01-9ec713c37a85,exchanged.prof,available,25.98,29.38,high,low,9,namecheap,,,17/08/2026 16:20
82fc190c-0a0d-49ca-933d-4001ced7a487,eiffel.prof,premium,63.7,63.7,medium,low,6,namecheap,,,18/09/2026 05:59
3d27a976-7f73-45f0-9e46-807396d4aa89,soaking.prof,available,25.98,29.38,medium,low,7,namecheap,,,14/09/2026 14:28
ce9ebbc3-d26e-48f5-9e4d-65b61fa24518,shoed.prof,available,25.98,29.38,high,medium,5,namecheap,,,10/09/2026 06:43
b1014d30-8d3a-4916-afe6-de7e61c8ebb3,bioassay.prof,available,25.98,29.38,high,low,8,namecheap,,,23/09/2026 17:38
8440ce90-000a-4c7a-ac37-242d1005e8d7,supersize.prof,available,26.99,,high,low,9,name.com,,,
1975dd9a-e210-484b-9fad-da8883806d4a,odd.prof,premium,111.25,111.25,high,low,3,name.com,,,24/09/2026 03:59
eff79b13-79e2-49c8-851c-36e9c921ef50,forgetful.prof,available,25.98,29.38,medium,low,9,namecheap,,,18/08/2026 11:56
584b2d2a-5987-4cb9-9887-5a013b0327a1,augsburg.prof,available,21.11,21.11,high,low,8,porkbun,,,27/09/2026 20:03
b29b0a20-7a69-45eb-aa23-6b17c2135d5c,handler.prof,premium,63.7,63.7,high,low,7,namecheap,,,19/09/2026 08:51
4637bece-4347-41bd-902d-f178330a00c6,insulting.prof,available,25.98,29.38,medium,low,9,namecheap,,,23/09/2026 21:52
59076866-db2f-4218-9ac6-1938ac99da77,reversion.prof,available,25.98,29.38,high,low,9,namecheap,,,09/09/2026 16:19
b9df8047-9d39-4190-a0c2-a248050d0ff3,ecologic.prof,available,25.98,29.38,high,low,8,namecheap,,,10/08/2026 02:32
347d22df-2421-4930-adab-33d0e822ce06,latvian.prof,available,25.98,29.38,high,low,7,namecheap,,,22/08/2026 20:47
7a6bfd1e-9ad4-4e75-8d0a-aa493467dad2,newly.prof,available,25.98,29.38,high,low,5,namecheap,,,18/08/2026 15:17
9b28f922-7ddb-4047-8756-ec7f5b3354af,gdp.prof,premium,115.7,115.7,high,low,3,namecheap,,,25/09/2026 06:24
f9e79e53-df15-4da7-a098-59bca5896f16,liable.prof,available,26.99,,high,low,6,name.com,,,
4480f3a6-d002-4202-8efe-17ec48e2ae68,misleading.prof,available,25.98,29.38,medium,low,10,namecheap,,,25/08/2026 01:34
da51f3c4-24bc-4959-9b91-6ac7565ab92c,flatness.prof,available,25.98,29.38,medium,low,8,namecheap,,,24/08/2026 17:17
a2d4f321-7922-4909-81fc-863b845ef9d6,kurdish.prof,available,25.98,29.38,high,low,7,namecheap,,,22/08/2026 17:04
0a888a84-1f19-421b-b7bd-f120326e9f3d,cathedral.prof,premium,61.25,61.25,high,low,9,name.com,,,11/08/2026 21:50
9af95484-f59e-47c4-af33-fd47457c259f,cash.prof,premium,843.7,843.7,high,medium,4,namecheap,,,25/09/2026 04:05
43c42be7-3f17-44f0-8da3-66d7d2ab5116,unshod.prof,available,25.98,29.38,medium,low,6,namecheap,,,14/08/2026 09:48
894ca192-4b2c-48e5-8bd1-e083958e73e1,shyly.prof,available,25.98,29.38,medium,low,5,namecheap,,,13/09/2026 23:37
fbde00fa-3610-4e0d-b57d-83ebf7a5b335,sensually.prof,available,25.98,29.38,medium,low,9,namecheap,,,16/09/2026 00:58
7cf6b86a-33d9-4da9-8961-a624dfc27f2e,adagio.prof,available,25.98,29.38,high,low,6,namecheap,,,
42025c1f-d5df-4b4d-95f7-17c98573bedc,correlated.prof,available,25.98,29.38,high,low,10,namecheap,,,13/08/2026 02:01
fc30e1f1-5353-4156-a547-5033c74ac416,snuck.prof,available,25.98,29.38,medium,low,5,namecheap,,,20/09/2026 23:46
9b12fbf7-8898-4b83-acf2-abb844ac1f38,fitzpatrick.prof,available,25.98,29.38,medium,low,11,namecheap,,,27/09/2026 07:56
202ab29a-db95-4bc8-91ab-7dfc84648bc8,print.prof,premium,811.25,,high,medium,5,name.com,,,
95ae10cb-1546-4a39-8b30-2dcc4437fc55,acinic.prof,available,25.98,29.38,medium,low,6,namecheap,,,
b251a69f-7c93-4c7b-bf49-8e2b8ef2ce6d,honeymooning.prof,available,25.98,29.38,high,low,12,namecheap,,,21/09/2026 06:04
e4cc0c41-293f-4ff1-a507-12afed89755a,adiabatic.prof,available,25.98,29.38,medium,low,9,namecheap,,,
b9f48943-d65a-48bc-861f-2685c1708cc7,homelike.prof,available,25.98,29.38,medium,low,8,namecheap,,,21/08/2026 11:03
1394f039-6a10-45c6-acf2-30d4f2c98b57,burnt.prof,available,25.98,29.38,high,low,5,namecheap,,,23/09/2026 11:41
7eb07949-f8fb-4c10-a92c-56f9868fcc12,peter.prof,premium,843.7,843.7,high,medium,5,namecheap,,,24/09/2026 16:12
4ba4a70d-5df6-4e30-b616-e50354caebff,commander.prof,premium,63.7,63.7,high,low,9,namecheap,,,17/09/2026 22:14
afcd63d8-e5a1-4149-910a-09a1688ee84a,abuser.prof,available,25.98,29.38,medium,low,6,namecheap,,,16/09/2026 19:17
363406b6-3b3d-479f-b36b-e2746a23240e,bingo.prof,premium,843.7,843.7,high,low,5,namecheap,,,22/09/2026 20:37
b44e4f71-33ce-4b19-9a39-a9f94c5a5230,trim.prof,premium,111.25,111.25,high,low,4,name.com,,,12/08/2026 10:14
4fdfcd00-9244-4067-8cc7-6dc6e5de02db,tucked.prof,available,25.98,29.38,high,low,6,namecheap,,,11/09/2026 21:02
d785c64b-2dde-4d10-b439-9bb804c67b12,lapsed.prof,available,25.98,29.38,medium,low,6,namecheap,,,22/08/2026 19:47
61888f2c-6735-4b9c-af30-f1a5753a19de,blueish.prof,available,25.98,29.38,medium,low,7,namecheap,,,22/09/2026 22:51
10712b09-de04-4966-9ca7-a8dedab03d1a,initiate.prof,available,25.98,29.38,high,low,8,namecheap,,,17/08/2026 09:35
c1709423-4578-4b2e-9efa-548cd79d3ba6,phyllodial.prof,available,25.98,29.38,high,medium,10,namecheap,,,08/09/2026 19:25
d5b28a0c-c040-4772-add7-164a330dc14e,ago.prof,premium,427.7,427.7,high,low,3,namecheap,,,21/09/2026 23:15
620e4d12-4779-4e9d-adc6-55cc11b2b551,optative.prof,available,25.98,29.38,medium,low,8,namecheap,,,04/09/2026 16:54
40f4e03b-7843-44f4-9e49-f40c053ebdd6,buttery.prof,available,25.98,29.38,medium,low,7,namecheap,,,19/09/2026 18:30
738e8ce2-c65b-42e6-ab8d-c254cb01114a,disruption.prof,available,25.98,29.38,high,low,10,namecheap,,,24/09/2026 16:35
9e8007bd-4075-465d-9485-ac6163d9d63a,flemish.prof,available,25.98,29.38,high,low,7,namecheap,,,18/08/2026 07:56
72d87371-1761-469c-b648-4a52582bb744,annona.prof,available,25.98,29.38,medium,low,6,namecheap,,,19/09/2026 10:30
65477f28-673a-4c70-a35a-d569ead03da1,leal.prof,available,25.98,29.38,medium,low,4,namecheap,,,22/08/2026 22:03
a5555d4f-4d21-4caa-84c6-fa8cec51a3bb,speer.prof,available,25.98,29.38,high,low,5,namecheap,,,18/09/2026 02:44
2215808b-384d-43c1-ac79-5971b5f95c49,counterfeits.prof,available,25.98,29.38,low,low,12,namecheap,,,19/09/2026 21:40
e065d16e-28f1-4a3a-9fe0-c4a1da0268b5,resulted.prof,available,25.98,29.38,medium,low,8,namecheap,,,19/09/2026 00:26
8e7f6f85-5dc2-42d9-b11d-d3d502486ee6,anime.prof,premium,811.25,811.25,high,medium,5,name.com,,,19/09/2026 09:19
03b12127-668e-49ea-b24f-30b08420f667,rapt.prof,available,25.98,29.38,high,low,4,namecheap,,,14/08/2026 23:50
8d945bab-6021-4d46-9ca3-536d67b84a47,criterial.prof,available,25.98,29.38,medium,low,9,namecheap,,,13/08/2026 07:27
651b19e4-e159-4888-b36e-4bcced72d3da,going.prof,premium,427.7,427.7,high,low,5,namecheap,,,24/09/2026 22:35
6b49a6e4-38cf-4fa3-b9ef-490a9bfc525e,enatic.prof,available,25.98,29.38,medium,low,6,namecheap,,,16/08/2026 21:20
03da2d30-9808-4f9e-b90d-2e8a621c5f54,shaver.prof,available,25.98,29.38,medium,low,6,namecheap,,,25/08/2026 00:03
aab8089e-fed3-4025-9d88-6ef54cef9ac5,resole.prof,available,25.98,29.38,medium,low,6,namecheap,,,10/09/2026 13:33
758b850f-0428-4f0e-92cd-c4f656a7b15e,nonuniform.prof,available,25.98,29.38,medium,low,10,namecheap,,,22/08/2026 05:15
2f42449a-735c-4de3-883c-b1979f971d1d,fiction.prof,premium,198.75,,high,low,7,name.com,,,
42ed1ffd-8094-48ab-ad3a-7b6334c3e593,theistic.prof,available,25.98,29.38,medium,low,8,namecheap,,,11/09/2026 12:41
7f9f536a-fb25-4e5c-b15f-e56e71b2a1b1,camus.prof,available,25.98,29.38,high,low,5,namecheap,,,18/09/2026 02:38
750904b5-c223-454c-a41a-641c2fbb4383,position.prof,premium,206.7,206.7,high,low,8,namecheap,,,19/09/2026 04:25
58f1f653-0838-467f-8cb8-16c52204e58f,belling.prof,available,25.98,29.38,medium,low,7,namecheap,,,23/09/2026 06:11
b28edb23-3e14-4969-aec7-c121629596a9,modest.prof,premium,63.7,63.7,high,low,6,namecheap,,,25/09/2026 06:33
fa29fe82-3f35-454d-b450-c46807434b76,behaviour.prof,available,25.98,29.38,high,low,9,namecheap,,,23/09/2026 03:08
ce05d921-10ce-41b8-abab-ebb87c63a66c,boringly.prof,available,25.98,29.38,medium,low,8,namecheap,,,14/09/2026 01:08
844b5976-a26a-4289-8796-852d7f1ccb3f,cupping.prof,available,25.98,29.38,high,low,7,namecheap,,,24/09/2026 20:18
48de7d5b-1055-4224-af98-4c6cead319d2,omit.prof,available,26.99,,high,low,4,name.com,,,
2f7700bc-8c95-4693-a26e-5e7065f56ff6,thong.prof,premium,61.25,,high,low,5,name.com,,,
4d26bf63-7d78-4ada-96dc-0c2b8148d7a0,thrilly.prof,available,25.98,29.38,medium,low,7,namecheap,,,18/09/2026 19:36
cd128abd-cc5f-4f10-b616-9572e80a8d9c,baldy.prof,available,25.98,29.38,medium,low,5,namecheap,,,21/09/2026 21:43
acf1bc4d-9fc9-449c-80da-2044a310b5a5,tank.prof,premium,427.7,427.7,high,low,4,namecheap,,,20/09/2026 07:27
cd533c0f-44fb-439e-8d3b-1c2d02bfb375,continuant.prof,available,25.98,29.38,medium,low,10,namecheap,,,12/08/2026 23:17
56f6cafa-b3bb-485c-8ee3-adf4a4de42c2,gangly.prof,available,25.98,29.38,medium,low,6,namecheap,,,18/08/2026 20:09
4fbd9197-2182-4a79-828b-6c2146801480,generated.prof,available,25.98,29.38,medium,low,9,namecheap,,,19/09/2026 12:09
3c1fdfce-b192-434b-9491-6393bb10b2d2,naval.prof,premium,115.7,115.7,high,low,5,namecheap,,,03/09/2026 14:07
cd111128-d716-4a1c-8f74-bc5b6dd7528e,batteries.prof,premium,92.32,92.32,medium,low,9,spaceship,,,27/09/2026 23:45
7cc83629-17ea-473d-9dd5-2e6ef23be18e,birdie.prof,available,26.99,37.99,high,low,6,name.com,,,23/09/2026 20:41
edda6b11-dd3e-4623-91e8-0c1f628a6c44,anywhere.prof,premium,111.25,,high,low,8,name.com,,,
3afb6f9b-34d3-411f-b9d1-2e3de326398a,ill.prof,premium,115.7,115.7,high,low,3,namecheap,,,25/09/2026 07:33
f61450d1-6aab-4cd6-add9-ad4f2f01b162,xenon.prof,premium,63.7,63.7,high,low,5,namecheap,,,20/09/2026 23:13
0a8c5a0d-9202-41df-ac31-31aabeaa0050,dicky.prof,available,25.98,29.38,medium,low,5,namecheap,,,14/08/2026 06:27
a2eb50e1-ba44-4241-8b56-c43aaf7b8098,filetypes.prof,available,25.98,29.38,low,low,9,namecheap,,,20/09/2026 01:57
bd911139-77b3-4e84-852e-23f62dd709a7,contract.prof,premium,427.7,427.7,high,low,8,namecheap,,,03/09/2026 13:23
22a32632-00f8-47be-9432-7a8315f77f55,whiney.prof,available,25.98,29.38,medium,low,6,namecheap,,,09/09/2026 08:35
c4404cc1-b3e9-42e9-8f1b-5f376d736ff5,premarital.prof,available,25.98,29.38,high,low,10,namecheap,,,22/09/2026 06:09
03a0f0bb-6a64-4d51-b270-9870e7e073f6,praising.prof,available,25.98,29.38,high,low,8,namecheap,,,22/08/2026 20:53
1b4e6e17-3b8b-4e38-ab50-693e788d2f80,could.prof,premium,61.25,,high,low,5,name.com,,,
63dc803c-b7d5-4af5-9f36-fca057cd5d10,glamourous.prof,available,25.98,29.38,high,low,10,namecheap,,,19/08/2026 00:17
f2695357-8a4f-44dd-b7ce-b9a62d0ac3a5,breaking.prof,premium,206.7,206.7,high,low,8,namecheap,,,25/09/2026 02:26
f29801bf-9793-4ca3-9b5a-45847787b971,sneak.prof,available,25.98,29.38,high,low,5,namecheap,,,23/09/2026 12:44
e29d4e6b-892a-4e31-81bc-9528b9e60ece,reception.prof,premium,61.25,,high,low,9,name.com,,,
de6da1db-1cf2-4adc-917a-f27a347e023c,grazed.prof,available,25.98,29.38,medium,low,6,namecheap,,,20/08/2026 19:29
7aeb5378-22b5-49fe-930b-0b68ec46bc99,admired.prof,available,25.98,29.38,high,low,7,namecheap,,,21/09/2026 18:53
865bf0fb-931f-45c1-9bce-d8c5f85dbeba,secondhand.prof,premium,115.7,115.7,high,low,10,namecheap,,,10/09/2026 01:09
ac6ca79e-640a-4f8d-8664-c7dfe24943b6,others.prof,premium,206.7,206.7,high,low,6,namecheap,,,25/09/2026 16:48
052448ea-782d-4a50-896b-b195566166f9,russell.prof,premium,115.7,115.7,high,low,7,namecheap,,,16/09/2026 13:01
63e77f80-d1c7-4bc0-a42a-ee7b50f2ed3f,aarhus.prof,available,25.98,29.38,medium,low,6,namecheap,,,16/09/2026 13:27
51a84e41-a942-4bed-991d-7894919821ed,private.prof,premium,843.7,843.7,high,medium,7,namecheap,,,27/09/2026 06:15
e293adcd-eee2-4f69-8e6c-48e9bb345e1a,nih.prof,premium,,,high,low,3,,,,28/09/2026 02:28
d6eb652d-8c2f-4a0b-9592-e2809e0da854,emeritus.prof,available,25.98,29.38,high,low,8,namecheap,,,16/08/2026 15:05
a375a0db-08b4-4a2e-a8c0-f64f75ecdcbc,chaldean.prof,available,25.98,29.38,medium,low,8,namecheap,,,12/08/2026 01:26
1c588abf-8d5c-4e32-9c11-a7fdaa8cadd8,beano.prof,available,25.98,29.38,medium,low,5,namecheap,,,22/09/2026 20:40
1701ec96-3e72-4b05-b17c-42e0777dd2c3,fiscal.prof,premium,115.7,115.7,high,low,6,namecheap,,,19/09/2026 10:22
1cf3c3f2-a78e-4eea-ac74-8f093f217540,nikolai.prof,available,25.98,29.38,high,low,7,namecheap,,,27/09/2026 20:11
34906d3f-7dca-4021-97d6-d84ba15c83cf,slide.prof,premium,198.75,,high,low,5,name.com,,,
1cdd8692-7cc0-490a-86d7-61e8d29fc476,zhang.prof,premium,206.7,206.7,high,low,5,namecheap,,,25/09/2026 15:58
8d0a7140-cd3b-40a1-b9b5-d14f7322ac19,ranger.prof,premium,206.7,206.7,high,low,6,namecheap,,,27/09/2026 03:34
3fd538e0-5524-46f3-90ec-20a2a6489135,nimiety.prof,available,25.98,29.38,medium,low,7,namecheap,,,17/08/2026 16:13
7f129744-cdee-43b0-a5f4-e67d20851657,bombs.prof,available,26.99,37.99,medium,low,5,name.com,,,25/09/2026 21:33
ea579152-20b9-4035-b428-ab842e989f6e,jawed.prof,available,25.98,29.38,medium,low,5,namecheap,,,22/08/2026 12:32
52492d11-d5eb-4f4a-8821-dea42acbd058,aubergine.prof,available,25.98,29.38,high,low,9,namecheap,,,21/09/2026 02:33
105e0453-ce51-430f-8b55-76c338a22d5c,underarm.prof,available,25.98,29.38,medium,low,8,namecheap,,,12/09/2026 07:21
a823e4a6-164a-4126-b415-eafdcb61927a,irish.prof,premium,198.75,198.75,high,low,5,name.com,,,22/08/2026 09:54
514c8f03-f6a6-488c-b4d7-2d68d2ef905d,remind.prof,premium,115.7,115.7,high,low,6,namecheap,,,24/09/2026 20:14
07c59153-1e1f-4ed0-9b59-4da1c72adc86,tolerable.prof,available,25.98,29.38,medium,low,9,namecheap,,,24/09/2026 16:18
8fd29b97-068e-4ae9-adda-bba8e8bdca68,aventail.prof,available,25.98,29.38,medium,low,8,namecheap,,,21/09/2026 09:05
24e5ae03-3de4-4cd8-9266-eafa3d9eaa37,mechanic.prof,premium,115.7,115.7,high,low,8,namecheap,,,25/09/2026 18:40
3813d719-f1bb-439d-bded-effe15408254,prayers.prof,available,25.98,29.38,high,low,7,namecheap,,,18/09/2026 03:21
9ffb33a0-431d-413a-900d-a17efb14613a,alnus.prof,available,25.98,29.38,medium,low,5,namecheap,,,18/09/2026 12:53
90383331-57c2-4800-8e4a-6618d1c1deec,slip.prof,premium,164.77,164.77,high,low,4,spaceship,,,27/09/2026 22:41
bb8c51ca-e5ed-49e3-abc9-055ce2a4e455,scythian.prof,available,25.98,29.38,medium,low,8,namecheap,,,10/09/2026 00:28
ad63f314-618f-4a85-a794-cceb353a4be0,feculent.prof,available,25.98,29.38,low,low,8,namecheap,,,18/08/2026 00:32
80661c9a-2f15-476d-944d-be55f8a6f165,getatable.prof,available,25.98,29.38,medium,low,9,namecheap,,,18/08/2026 23:00
da0e3ef6-b51d-41a5-8c8e-1c63bd4fcaa1,interrupt.prof,available,26.99,37.99,high,low,9,name.com,,,13/08/2026 12:38
49c7a062-caeb-4017-b278-793c3e301b09,noticeable.prof,available,25.98,29.38,high,low,10,namecheap,,,24/09/2026 07:23
e34f7acc-9423-4303-9d0b-cb05997799af,fertile.prof,available,25.98,29.38,high,low,7,namecheap,,,18/08/2026 02:11
679b5f98-1f27-4b7f-b220-0ef7217cd853,bootleg.prof,available,25.98,29.38,high,low,7,namecheap,,,22/09/2026 21:19
f3b70a43-bc93-4434-bdc1-6efcb0162de7,abruptly.prof,available,26.99,37.99,medium,low,8,name.com,,,13/08/2026 19:17
f5448b53-356e-45ab-aee4-9cf732b0125b,acknowledged.prof,available,26.99,,high,low,12,name.com,,,
1ae30042-45c4-45f1-a51e-0c8290ddc627,freeway.prof,premium,61.25,,high,low,7,name.com,,,
bff61930-1d2e-45b2-87ad-f334a55d2431,gayal.prof,available,25.98,29.38,medium,low,5,namecheap,,,23/09/2026 13:03
6d6f0966-31c7-4812-98d9-b823bab02ff5,affiliated.prof,available,25.98,29.38,high,low,10,namecheap,,,
92f36ef8-d219-4590-ba85-159a61e9a7d1,disrupted.prof,available,25.98,29.38,medium,low,9,namecheap,,,14/08/2026 12:19
41c89d5c-1ce2-4638-bc0c-a7b1cf36e168,grammar.prof,premium,198.75,,high,low,7,name.com,,,
f67bb9d4-6f19-495d-93ca-8813056acd7f,diazo.prof,available,25.98,29.38,medium,low,5,namecheap,,,14/08/2026 06:23
7ceee050-8fd3-4b8e-9aba-9fee11e6803d,asking.prof,premium,61.25,,high,low,6,name.com,,,
470efe8d-a1c9-41b6-b1b4-b2f1445d58ba,grumpy.prof,premium,198.75,198.75,medium,low,6,name.com,,,08/08/2026 07:57
7c5af3f8-b951-49c4-9c48-8d767c3058fc,grouping.prof,available,26.99,,high,low,8,name.com,,,
6a5c0ec9-a24a-4b12-8594-f7685ba8e1a2,aurally.prof,available,25.98,29.38,medium,low,7,namecheap,,,13/09/2026 22:46
d95331ac-ff58-488f-93ef-ac0616b371ea,inspector.prof,premium,63.7,63.7,high,low,9,namecheap,,,25/09/2026 07:48
64ad8f4b-d427-47d8-bb6b-6bef43f33aec,requester.prof,available,25.98,29.38,medium,low,9,namecheap,,,11/09/2026 03:33
97675891-2125-4637-8821-3402a8ad92ee,spindly.prof,available,25.98,29.38,high,medium,7,namecheap,,,10/09/2026 15:39
8ee390a6-5b41-4080-8a7c-641dc73a18a2,comparison.prof,premium,115.7,115.7,high,low,10,namecheap,,,24/09/2026 16:42
9fa4bb92-1cf2-49f3-835e-584a489dd922,aeonian.prof,available,25.98,29.38,medium,low,7,namecheap,,,
05afd2bf-4d70-4cd8-8d1e-e517a41909f2,nasally.prof,available,25.98,29.38,medium,low,7,namecheap,,,15/09/2026 16:10
643ca799-0156-460f-8533-d8c12e8faaef,rush.prof,premium,427.7,427.7,high,low,4,namecheap,,,24/09/2026 18:44
94bc0e02-dd7a-4833-af30-5afc95f5d1ea,makeover.prof,premium,111.25,,high,low,9,name.com,,,
8a29980a-9c07-4912-ab6e-349da7111e8d,puerile.prof,available,25.98,29.38,medium,low,7,namecheap,,,09/09/2026 05:30
d56f89c5-1683-4a5e-a539-9348c56205d9,azonic.prof,available,25.98,29.38,medium,low,6,namecheap,,,08/08/2026 02:32
ea4130d1-2a86-4fc6-9d0b-0fee5a2e08c4,replace.prof,premium,92.32,92.32,high,low,7,spaceship,,,28/09/2026 01:47
a4ba7fb0-7409-4bab-bf47-74c5ede980d0,linear.prof,premium,111.25,111.25,high,low,6,name.com,,,
d7523d97-8c93-44c1-ba78-e44ed1a338c5,ghosts.prof,premium,63.7,63.7,medium,low,6,namecheap,,,18/09/2026 22:14
93a572fe-05b6-41b8-a5ef-ee9da5bd2f6e,panther.prof,premium,411.25,,high,low,7,name.com,,,
33cb0b4a-e028-414d-b401-51674a7537e0,teller.prof,premium,63.7,63.7,high,low,6,namecheap,,,22/09/2026 02:23
fbb02ae1-65ee-49ad-93f8-d57035412a29,artefact.prof,available,25.98,29.38,high,low,8,namecheap,,,20/09/2026 10:07
7e8a277c-dc0d-45b7-abe4-d08d69bfa484,virulent.prof,available,25.98,29.38,medium,low,8,namecheap,,,
21f9e2ac-56dc-457e-8991-c7e0b6103f23,fiendish.prof,available,25.98,29.38,medium,low,8,namecheap,,,14/08/2026 01:31
c5831647-bd15-4118-b64c-f15348634fc4,stolid.prof,available,25.98,29.38,medium,low,6,namecheap,,,21/08/2026 21:51
b0c61b20-5757-49df-8570-815828daa535,elsie.prof,available,25.98,29.38,high,low,5,namecheap,,,27/09/2026 07:34
9ba7cc41-bbd1-49e1-8d94-1dbce9e6ded9,batik.prof,premium,63.7,63.7,high,low,5,namecheap,,,22/09/2026 14:02
4a81f96a-1466-46d7-be47-e3b068cffede,sore.prof,premium,61.25,61.25,high,low,4,name.com,,,
96c3e790-77e2-47d1-ab0b-2a55d32f1638,steelyard.prof,available,25.98,29.38,medium,low,9,namecheap,,,22/09/2026 19:57
115cd2c8-f1da-4a83-8e1b-99f6cecaed20,they.prof,premium,411.25,,high,low,4,name.com,,,
cdfab999-d174-4ac3-96b7-c39221072cb0,gleefully.prof,available,25.98,29.38,medium,low,9,namecheap,,,14/09/2026 21:28
cecfafdc-4d09-4ada-b2b7-ff9f626cdf9a,carven.prof,available,25.98,29.38,medium,low,6,namecheap,,,11/08/2026 19:59
48565830-9765-4ba5-a69e-038e085fff9c,lyons.prof,available,25.98,29.38,high,low,5,namecheap,,,25/09/2026 06:03
53321123-1ab1-4018-b917-88d9bc1b2505,pretorial.prof,available,25.98,29.38,high,medium,9,namecheap,,,09/09/2026 01:02
b893cec4-f718-4975-9a58-e184587e087b,unseeded.prof,available,25.98,29.38,medium,low,8,namecheap,,,12/09/2026 19:10
d4276b2d-af89-45d9-b259-a35e43a5f6f5,pour.prof,premium,198.75,,high,low,4,name.com,,,
e1e934d9-600f-4918-972f-22fbedc29d0e,discount.prof,premium,411.25,,high,low,8,name.com,,,
768fb5c5-6b2a-4336-b638-f922f9bccbad,aether.prof,premium,63.7,63.7,high,medium,6,namecheap,,,17/09/2026 13:40
f6685151-6ffe-4e7e-9828-dd49e05b30d4,oath.prof,premium,50.92,50.92,high,low,4,spaceship,,,27/09/2026 12:47
2a1e868c-829e-46be-a365-d61a309eee58,sheridan.prof,available,25.98,29.38,high,low,8,namecheap,,,25/09/2026 10:21
fc7aae74-dee3-4c1f-9679-2d67759a97dd,boo.prof,premium,198.75,,high,low,3,name.com,,,
fc7beea3-b2ae-4ec7-9ecf-94bc2545032f,perdurable.prof,available,25.98,29.38,medium,low,10,namecheap,,,08/09/2026 16:24
8ab36490-51e7-4a61-ba9f-a2a45508b0a1,juridic.prof,available,25.98,29.38,medium,low,7,namecheap,,,22/08/2026 14:42
b1aca6ba-dcb2-4f74-8301-6b657d0c822e,procedure.prof,premium,63.7,63.7,high,low,9,namecheap,,,19/09/2026 02:44
750832ae-39f3-431f-852b-97311e2a2015,spots.prof,premium,115.7,115.7,high,low,5,namecheap,,,27/09/2026 04:00
a59835ea-d9d8-4dca-96b8-bbe4a55ef3d9,obsolete.prof,available,25.98,29.38,medium,low,8,namecheap,,,14/08/2026 13:30
ed33bbdf-2c74-4db3-94fc-a9fe3d0dbfe5,blah.prof,available,25.98,29.38,high,low,4,namecheap,,,24/09/2026 03:41
5d8bd2ce-5805-46a1-8279-0115f1b9558e,weil.prof,premium,63.7,63.7,medium,low,4,namecheap,,,19/09/2026 04:20
e4e83dd7-058d-4604-96d5-330cd4240e2d,unworried.prof,available,25.98,29.38,medium,low,9,namecheap,,,11/08/2026 19:03
b4ebcb2b-9ff7-4cb5-9d7c-cc9132c4208d,propelling.prof,available,25.98,29.38,high,low,10,namecheap,,,09/09/2026 03:30
d7505948-e08f-4e8a-bdd7-b55153f9f1d2,scratch.prof,premium,206.7,206.7,high,low,7,namecheap,,,16/09/2026 16:58
589b400f-e80a-4a36-8d99-203b6cf98fbd,cautionary.prof,available,25.98,29.38,medium,low,10,namecheap,,,
2723b9af-96b4-4a26-bc10-ab518de001c5,anglophile.prof,available,25.98,29.38,medium,low,10,namecheap,,,19/09/2026 06:52
8f1bf6e4-b987-4c5b-a904-d207b3306cec,aide.prof,premium,115.7,115.7,high,low,4,namecheap,,,22/09/2026 14:20
518de95a-9d48-4ebc-ba0b-ecdd9f658414,akee.prof,available,26.99,37.99,medium,low,4,name.com,,,17/09/2026 01:56
0c427ffc-df76-494e-8ea1-abc276925d07,dryly.prof,available,25.98,29.38,medium,low,5,namecheap,,,14/09/2026 14:21
4057f6bf-bf61-49b7-a656-2bdf61bd38e1,agal.prof,available,25.98,29.38,medium,low,4,namecheap,,,17/09/2026 16:00
63d04f3c-9e4a-4271-994e-005e0c8445ba,gallium.prof,available,25.98,29.38,high,low,7,namecheap,,,20/09/2026 22:50
ab736df5-5951-4b71-ab76-ba48416d68a3,bared.prof,available,25.98,29.38,medium,low,5,namecheap,,,22/09/2026 17:24
130cb080-37db-459a-bf29-ab2e230419b8,attempted.prof,available,25.98,29.38,medium,low,9,namecheap,,,07/08/2026 15:12
2a46f1ed-dfa5-4c5e-9a2d-bd0a7ab9e07e,willful.prof,available,25.98,29.38,medium,low,7,namecheap,,,18/08/2026 16:37
45ed4915-a564-4aeb-97a1-b06de418c496,fierily.prof,available,25.98,29.38,low,low,7,namecheap,,,14/09/2026 18:22
a0200a5a-1679-48cb-8629-4282886acf7b,adam.prof,premium,811.25,,high,high,4,name.com,,,
1020a48d-b4a2-4a4a-8060-739a298cb279,watchfully.prof,available,25.98,29.38,medium,low,10,namecheap,,,16/09/2026 10:58
aca5eec3-3d28-4161-872f-c9b660ac8dfb,blessedly.prof,available,25.98,29.38,medium,low,9,namecheap,,,14/09/2026 00:19
b57ea175-4893-47b0-9c5c-966fb735fab0,niece.prof,available,26.99,,high,low,5,name.com,,,
025ac37a-117c-4969-bc49-2a36f0af506d,wikimedia.prof,available,,,high,high,9,,,,
a9bfadb7-6521-403c-8594-1ce99e2cb08c,lookup.prof,premium,198.75,,high,low,7,name.com,,,
25e6e500-30cf-4096-a9f0-ec45d79ea9f0,marijuana.prof,premium,1623.75,,high,low,9,name.com,,,
8f737f00-3124-412e-a548-bcea0ca77132,pianoforte.prof,available,25.98,29.38,high,medium,10,namecheap,,,08/09/2026 19:29
91c19cf0-0cd8-4c3a-8602-bb9affe34a50,beef.prof,premium,206.7,206.7,high,low,4,namecheap,,,23/09/2026 00:18
78756ca6-040c-492f-a886-d9c51a94a5b9,exigent.prof,available,25.98,29.38,medium,low,7,namecheap,,,13/08/2026 09:31
40a78e84-9a0a-433e-8692-840968c6089e,compute.prof,premium,63.7,63.7,high,low,7,namecheap,,,19/09/2026 14:03
0a4893e5-72d9-480e-a34f-fc2023995da1,tweet.prof,premium,198.75,,high,low,5,name.com,,,
0c008b24-287b-470c-b6c2-c8d77fed2384,bilk.prof,available,25.98,29.38,medium,low,4,namecheap,,,09/09/2026 08:21
01e0ba31-0592-4925-9ff3-38e578284eb9,shrewsbury.prof,available,20.84,20.84,medium,low,10,spaceship,,,27/09/2026 19:32
478313d3-04b6-4252-840c-02e146d10d16,areopagus.prof,available,25.98,29.38,medium,low,9,namecheap,,,20/09/2026 03:52
b5c9346d-00ce-4f69-bfaf-9d6fc10b0f7e,agaricus.prof,available,25.98,29.38,medium,low,8,namecheap,,,17/09/2026 16:23
e20b1aad-5d07-40ae-917c-e1c3bf1bfa1f,betula.prof,available,25.98,29.38,medium,low,6,namecheap,,,23/09/2026 11:52
184bbc2c-ad57-48b2-820a-845ba9d61e8b,goldilocks.prof,available,26.99,37.99,high,low,10,name.com,,,20/09/2026 17:03
903fa746-515e-4ec8-b636-08ce83890b2f,priest.prof,premium,63.7,63.7,high,low,6,namecheap,,,27/09/2026 04:53
e49f8271-96a8-4e58-b22f-d7dcd1beb922,chewing.prof,available,25.98,29.38,high,low,7,namecheap,,,24/09/2026 14:24
9216d558-8f3c-47a7-9786-1ed266c0fe99,existent.prof,available,25.98,29.38,high,low,8,namecheap,,,
5614ac4e-c9ef-4bfc-acdf-217a0f2a6538,monetary.prof,available,25.98,29.38,high,low,8,namecheap,,,25/09/2026 21:29
97e75a92-91d3-46fa-875e-1afade3f2d8f,razorbill.prof,available,25.98,29.38,medium,low,9,namecheap,,,18/09/2026 03:39
4f26697f-e871-407a-bb21-6e6478b554a6,overjoyed.prof,available,25.98,29.38,high,low,9,namecheap,,,04/09/2026 20:49
092899fb-db65-4dfb-a470-b745928142f6,limpid.prof,available,25.98,29.38,high,low,6,namecheap,,,13/08/2026 09:41
0733425d-a5f8-461a-837c-b2ce13293088,carl.prof,premium,115.7,115.7,high,medium,4,namecheap,,,25/09/2026 11:30
5a8bd8c4-086b-4caf-a03f-89e4863a0b1b,attendant.prof,available,25.98,29.38,high,low,9,namecheap,,,21/09/2026 15:40
d8856e55-2608-4344-a4d6-1517e4727ab4,herbs.prof,premium,115.7,115.7,high,low,5,namecheap,,,17/09/2026 01:23
e9ac62dc-a3ea-4314-a89e-b1cfba533564,tow.prof,premium,111.25,,high,low,3,name.com,,,
41e76ead-032d-48c8-aba8-f4c78315144f,nasdaq.prof,available,20.84,20.84,high,low,6,spaceship,,,28/09/2026 02:27
1e4491b0-3585-4aaa-b3b3-bfb8e9495b0e,estival.prof,available,25.98,29.38,medium,low,7,namecheap,,,
bee28370-0ce4-402a-9fed-32d7d0e8d615,brightly.prof,available,25.98,29.38,high,low,8,namecheap,,,11/08/2026 04:04
e959ece3-120b-433a-9e92-322e792bc3d0,applejack.prof,available,25.98,29.38,medium,low,9,namecheap,,,19/09/2026 21:35
23b71742-66ea-4a6c-913e-7045ad00bfae,conducting.prof,available,26.99,,high,low,10,name.com,,,
3462afb4-bfd7-4d4b-b847-ff211d5b5bb6,encounter.prof,premium,63.7,63.7,high,low,9,namecheap,,,25/09/2026 19:00
7a956f59-48fc-4105-bfdc-5144af1df935,winchester.prof,premium,49.2,,high,low,10,unstoppable,,,28/09/2026 03:16
6faf5807-ceda-48a5-afc5-fbe05d86b0c1,accountancy.prof,available,26.99,,high,low,11,name.com,,,
d750bc05-af2e-4bb7-a439-c2f35b7e09ab,quiz.prof,premium,427.7,427.7,high,low,4,namecheap,,,27/09/2026 02:23
4c60605f-7b2a-4d6d-ac6c-22c7279338eb,definite.prof,available,25.98,29.38,high,low,8,namecheap,,,24/09/2026 05:06
d1ab445d-e6a2-4874-a3e1-5d5c9e11a1bd,careless.prof,available,25.98,29.38,high,low,8,namecheap,,,23/09/2026 12:52
506f33de-12d7-4217-8866-2df884ce6dab,acapulco.prof,premium,63.7,63.7,high,low,8,namecheap,,,16/09/2026 21:10
1b10439f-b007-4d9f-982d-e1dd700680ab,torn.prof,available,25.98,29.38,high,low,4,namecheap,,,25/09/2026 16:39
ef133190-7a0d-4e40-9938-e0f7771e6466,amplifier.prof,available,25.98,29.38,high,low,9,namecheap,,,18/09/2026 23:40
6d8d9680-c89d-48bc-9e09-6213149d7ce7,nordic.prof,premium,206.7,206.7,high,low,6,namecheap,,,03/09/2026 21:09
1bdda5ed-c14e-4965-b8be-33956dccdabd,indwelling.prof,available,25.98,29.38,medium,low,10,namecheap,,,22/08/2026 03:37
61db36a7-c3de-466d-836e-51f04d14ad14,dior.prof,available,25.98,29.38,high,medium,4,namecheap,,,24/09/2026 14:51
7708e809-6472-4ccc-b4f9-a42b73ad36d0,struggling.prof,available,25.98,29.38,medium,low,10,namecheap,,,10/09/2026 22:52
7f7e1ffd-418b-4b3f-b2e8-dc847e6423f8,araneus.prof,available,25.98,29.38,medium,low,7,namecheap,,,20/09/2026 00:05
7cd694a9-0738-4c67-a73a-1df42f3f03c1,capitalist.prof,available,25.98,29.38,high,low,10,namecheap,,,11/08/2026 17:55
70d9960a-0cb2-457f-a314-b7bccedf08b7,thoughtless.prof,available,26.99,,medium,low,11,name.com,,,
888e7b59-4ffc-4bb0-8c8c-ba5a9cd88f14,kinglike.prof,available,25.98,29.38,medium,low,8,namecheap,,,22/08/2026 16:19
1f231c4c-da5a-464b-a5be-1cdaa85313a9,nauseous.prof,available,25.98,29.38,medium,low,8,namecheap,,,24/08/2026 08:24
05d4478c-cb61-4817-b762-56611b84cdae,advent.prof,premium,115.7,115.7,high,low,6,namecheap,,,17/09/2026 10:31
cee92380-6856-465a-837b-4aab65a4236a,cleaners.prof,premium,63.7,63.7,high,low,8,namecheap,,,24/09/2026 15:26
23adc6b2-3454-4069-80a1-e8441cca6b92,xcl.prof,premium,111.25,111.25,medium,low,3,name.com,,,
591c0c2d-74b7-467d-9d78-173927cb42e2,employ.prof,premium,63.7,63.7,high,low,6,namecheap,,,08/09/2026 13:39
44231dbc-c0b3-4a76-bf93-7b3fcd9e9519,shift.prof,premium,340.72,340.72,high,medium,5,spaceship,,,27/09/2026 21:11
2c30f998-2a7e-4d4f-ab8f-d3acc10c8ca3,middleton.prof,premium,63.7,63.7,high,low,9,namecheap,,,25/09/2026 09:23
4fe33a73-bd4a-4817-8c7b-a325ca2dff63,mealy.prof,available,25.98,29.38,medium,low,5,namecheap,,,12/08/2026 14:05
95b52d4f-468b-4d80-95a3-5e187d4686ea,corporal.prof,available,25.98,29.38,high,low,8,namecheap,,,13/08/2026 01:52
f24fe21d-539e-469d-8cbd-150c41abed89,bombastic.prof,available,25.98,29.38,high,low,9,namecheap,,,10/08/2026 18:01
0dc2ece4-ab0c-43ad-91bd-0ec49456aea0,frequently.prof,available,26.99,,high,low,10,name.com,,,
d934e6b6-a473-4d86-a24e-11622e923501,basaltic.prof,available,25.98,29.38,medium,low,8,namecheap,,,08/08/2026 21:29
e284d6ca-e880-42dc-811e-ee0078cd88df,underage.prof,available,25.98,29.38,medium,low,8,namecheap,,,03/09/2026 18:43
aeed85c1-8a50-4bf1-9ae9-42b7f7754009,binary.prof,premium,206.7,206.7,high,low,6,namecheap,,,22/09/2026 20:45
d968f373-ff20-4dfa-ab05-beebcda2847a,asphyxia.prof,available,25.98,29.38,medium,low,8,namecheap,,,20/09/2026 15:10
6681e2e7-4a7e-4b6c-ae13-8b7f87c9a5e4,romansh.prof,available,25.98,29.38,high,medium,7,namecheap,,,09/09/2026 18:31
5e95ab23-fc33-4925-a7e2-43fcab2eee7e,adherent.prof,available,25.98,29.38,high,low,8,namecheap,,,
14092381-dbe6-4b68-b461-6715a5b55693,vernal.prof,available,25.98,29.38,medium,low,6,namecheap,,,13/09/2026 04:19
e580748e-bc8d-4c3d-a047-09f1550576b2,blacksmith.prof,available,25.98,29.38,high,low,10,namecheap,,,24/09/2026 03:09
0d0b1663-f770-4973-8eed-532609c30faf,unnumbered.prof,available,25.98,29.38,high,low,10,namecheap,,,13/08/2026 03:46
706c3360-4817-43a4-81a7-0bb9517ff0aa,bradley.prof,premium,111.25,111.25,high,low,7,name.com,,,25/09/2026 02:09
e60c3707-ca9c-43ad-bcde-ff3abd046e15,annual.prof,premium,411.25,411.25,high,low,6,name.com,,,22/09/2026 05:27
3bf9f632-71f0-46d5-b7ae-55f4847c7c33,gripe.prof,available,26.99,37.99,high,low,5,name.com,,,23/09/2026 00:19
2e0f7d2e-7d05-4cf1-a719-10c06d762ca5,muntjac.prof,available,25.98,29.38,medium,low,7,namecheap,,,22/09/2026 06:28
d8e74e6c-5336-4fb6-b359-37fad4a6e304,populations.prof,available,25.98,29.38,medium,low,11,namecheap,,,18/09/2026 17:58
05371a98-ba0a-425b-b845-897c07d8ae98,influence.prof,premium,115.7,115.7,high,low,9,namecheap,,,08/09/2026 08:44
fbd2cd22-0590-489a-83e6-f578bd185bb8,mechanical.prof,premium,115.7,115.7,high,low,10,namecheap,,,25/09/2026 18:43
04e8ddd1-d061-420a-83fe-bdf39a9a1a27,pearl.prof,premium,427.7,427.7,high,low,5,namecheap,,,04/09/2026 01:21
a7985792-fa64-4efe-ab7d-058b36a79f99,denise.prof,premium,115.7,115.7,high,low,6,namecheap,,,25/09/2026 14:19
5070a53b-0bd9-47b2-a8b9-4600f567c837,balenciaga.prof,available,25.98,29.38,high,medium,10,namecheap,,,21/09/2026 21:55
a6cf0ba2-a36d-4c51-87ab-bd354fd41ec5,disrepute.prof,available,25.98,29.38,medium,low,9,namecheap,,,24/09/2026 22:34
60344da3-1cc1-4951-bfd3-6e1f8bebf6fb,alto.prof,premium,411.25,411.25,high,low,4,name.com,,,
8485cbfc-d746-4c4d-b864-e59e831fc7cc,latin.prof,premium,411.25,411.25,high,low,5,name.com,,,22/08/2026 20:39
1322768a-114c-486e-b1ca-a4c9a14b70e1,disjoint.prof,available,25.98,29.38,medium,low,8,namecheap,,,14/08/2026 11:09
248860f7-3b9f-4f31-ad1e-152a1ea5df76,picks.prof,premium,63.7,63.7,medium,low,5,namecheap,,,20/09/2026 07:23
6af80660-0c1c-45dd-b0b6-20215f0b0f42,however.prof,available,26.99,,high,low,7,name.com,,,
5f2f3386-92c1-4eb5-ad08-ad8fe9bdf429,bermudas.prof,available,25.98,29.38,medium,low,8,namecheap,,,23/09/2026 09:44
327b3f01-89d5-4ac2-8c85-4c7ced793782,southward.prof,available,25.98,29.38,high,medium,9,namecheap,,,10/09/2026 14:49
c1a70d63-7ba8-4851-bc2b-1563b9d14771,wealthy.prof,premium,63.7,63.7,high,low,7,namecheap,,,21/09/2026 21:57
c2996f5f-0c25-4a66-b945-1cb9426583bb,dashed.prof,available,26.99,37.99,medium,low,6,name.com,,,13/08/2026 18:27
b7b88a1a-5be4-4473-ac93-f698e962004c,bargeman.prof,available,25.98,29.38,medium,low,8,namecheap,,,22/09/2026 05:46
a3f13eaf-cfe2-441f-9646-037ed2155563,defeat.prof,premium,,,medium,low,6,,,,27/09/2026 12:58
e87724c8-7588-4249-a1aa-8f9564c1293d,turnout.prof,available,26.99,,high,low,8,name.com,,,
5e43ccd5-0fa3-4113-a91a-20da67b62882,focal.prof,premium,61.25,61.25,high,low,5,name.com,,,18/08/2026 09:44
4b9a101f-260f-42c0-a270-3aa51e89d61d,hallowmas.prof,available,25.98,29.38,medium,low,9,namecheap,,,18/09/2026 09:30
fc30762a-4324-4221-bde8-49522181f0dc,factories.prof,available,25.98,29.38,medium,low,9,namecheap,,,20/09/2026 05:09
705b4e15-d65f-4bd4-9ad8-d3d8a1d5730f,immobile.prof,available,25.98,29.38,medium,low,8,namecheap,,,21/08/2026 21:05
c2e8e127-6374-4e57-bde6-c23c86919fca,knowledge.prof,premium,843.7,843.7,high,low,9,namecheap,,,25/09/2026 17:26
4cf232a6-33b4-4aeb-ad30-da9720340fcf,adler.prof,premium,115.7,115.7,high,low,5,namecheap,,,25/09/2026 13:44
051c9bb3-aca9-40c8-97bb-eaca67c3253c,falsely.prof,available,25.98,29.38,medium,low,7,namecheap,,,14/09/2026 17:35
d415a962-ce31-4089-992e-6baf6f1cc82f,big.prof,premium,843.7,843.7,high,medium,3,namecheap,,,21/09/2026 20:03
3222dba2-d543-410e-a472-624b7600fe31,biogenic.prof,available,25.98,29.38,high,low,8,namecheap,,,10/08/2026 01:27
5b17346d-b893-4975-9767-05dc67fb27df,naseby.prof,available,25.98,29.38,medium,low,6,namecheap,,,22/09/2026 15:31
28ee5c83-837f-43f4-9d0c-fffff60fc001,flow.prof,premium,843.7,843.7,high,high,4,namecheap,,,24/09/2026 20:11
f6a6b7f7-302e-414c-b611-9ce7229fbba7,forster.prof,available,25.98,29.38,medium,low,7,namecheap,,,26/09/2026 03:41
7713a391-2748-426e-bd40-9d0820813091,restive.prof,available,25.98,29.38,medium,low,7,namecheap,,,15/08/2026 09:28
3bd2ba38-9583-4c18-b9b5-b6404eac0876,landless.prof,available,25.98,29.38,medium,low,8,namecheap,,,22/08/2026 19:24
233c582a-4ce8-470d-a424-7505978537fc,famished.prof,available,25.98,29.38,medium,low,8,namecheap,,,17/08/2026 13:41
c88f0d4a-b59f-411f-9a71-fa23adc5a92b,tomato.prof,premium,198.75,,high,low,6,name.com,,,
f0bace48-5173-479d-8fc4-47628457b0cb,blackshirt.prof,available,25.98,29.38,medium,low,10,namecheap,,,24/09/2026 03:05
a0b1338e-101b-42c6-be73-c682499a1efa,honorary.prof,available,25.98,29.38,high,low,8,namecheap,,,21/08/2026 13:29
22dd577b-ee3c-4fea-8d1e-eaa9a61ef750,weed.prof,premium,1623.75,,high,low,4,name.com,,,
2eca412c-30b2-4bcc-b0e7-fc38bf103738,slowcoach.prof,available,25.98,29.38,medium,low,9,namecheap,,,10/09/2026 20:27
39f5e89b-ceea-4119-9521-41f3ccec033f,peaceable.prof,available,25.98,29.38,high,low,9,namecheap,,,08/09/2026 11:08
e20c5525-8e2f-42d2-9dc8-5f9c54c5825d,augmentin.prof,available,25.98,29.38,medium,low,9,namecheap,,,18/09/2026 22:59
3d0b26db-0dd6-4e7c-b399-829dda862e78,quavering.prof,available,25.98,29.38,medium,low,9,namecheap,,,09/09/2026 07:44
115497b6-32ee-4869-8fd4-da0e83e39f21,washup.prof,available,25.98,29.38,medium,low,6,namecheap,,,24/09/2026 22:42
29ac993f-1e2c-46f3-831a-8da32c3a5021,lissom.prof,available,25.98,29.38,medium,low,6,namecheap,,,23/08/2026 23:41
dfd8acdb-9653-4bcc-94a3-6eb2c2d00990,cope.prof,premium,63.7,63.7,high,low,4,namecheap,,,24/09/2026 18:08
5db66721-d643-4546-b96b-b07ae9c62ea6,stupidity.prof,available,25.98,29.38,medium,low,9,namecheap,,,23/09/2026 11:18
2911e4b7-8875-4475-a3cd-73ce56b7efd4,sprayer.prof,available,25.98,29.38,high,low,7,namecheap,,,21/09/2026 00:21
98081e4e-dc31-4439-a4f0-f70028c51071,destroyed.prof,available,25.98,29.38,medium,low,9,namecheap,,,24/09/2026 07:01
5d5dc5eb-7621-419f-87d2-1dde56624b78,organisations.prof,available,25.98,29.38,medium,low,13,namecheap,,,21/09/2026 01:37
29e1680f-1413-49ef-b4f5-1c9b78d8574f,briss.prof,available,25.98,29.38,medium,low,5,namecheap,,,23/09/2026 09:30
3445e569-9929-4c17-abd4-2ede7bc934fa,banquet.prof,premium,63.7,63.7,high,low,7,namecheap,,,22/09/2026 02:59
cd89c51c-f3b9-4306-b63f-6cbe1a9efc4a,songful.prof,available,25.98,29.38,medium,low,7,namecheap,,,11/08/2026 17:36
ab92832e-5d86-4122-9e89-05a29751f55e,cased.prof,available,25.98,29.38,medium,low,5,namecheap,,,11/08/2026 20:04
8eec6843-5e7e-4b44-b08f-501e9360c278,smartness.prof,available,25.98,29.38,high,low,9,namecheap,,,12/08/2026 04:49
549870c1-a862-403e-97b5-5831687b8c0e,barf.prof,available,25.98,29.38,high,medium,4,namecheap,,,10/09/2026 07:38
8e7fd5d9-f24f-489c-b09d-24cb5c14b27d,acerola.prof,available,26.99,37.99,medium,low,7,name.com,,,16/09/2026 23:42
551adeec-227f-4ff9-8482-bc3d7b953605,confiding.prof,available,25.98,29.38,high,low,9,namecheap,,,12/08/2026 20:45
77ac70b9-2176-4cde-9ad3-7a76603430cb,belgian.prof,available,25.98,29.38,medium,low,7,namecheap,,,09/08/2026 12:51
5765cba6-9354-46ce-a0f4-6d8c9c3df7ce,rosebush.prof,available,25.98,29.38,high,medium,8,namecheap,,,09/09/2026 18:41
1823ea0c-4b59-41e0-80a6-b7e43a5a69b3,madrona.prof,available,25.98,29.38,medium,low,7,namecheap,,,20/09/2026 01:01
e15d9c50-04fc-4133-9417-b49dfa1fb1c8,ageing.prof,available,25.98,29.38,high,low,6,namecheap,,,21/09/2026 22:43
f4d25978-462a-4955-bad8-c2868d2336c1,meant.prof,available,25.98,29.38,medium,low,5,namecheap,,,25/09/2026 16:51
a1896b9e-42fd-4c4d-ad3d-bc877f982d56,ceremony.prof,premium,115.7,115.7,high,low,8,namecheap,,,08/09/2026 07:31
08922ae9-8ccf-401c-8527-a06a28cece04,habited.prof,available,25.98,29.38,medium,low,7,namecheap,,,20/08/2026 21:27
a80bfbe5-5aea-4bd5-ba1b-c9140445f69c,anuria.prof,available,25.98,29.38,medium,low,6,namecheap,,,19/09/2026 15:55
1ef34537-bfa9-44d7-9cb2-393404109778,refer.prof,premium,206.7,206.7,high,low,5,namecheap,,,24/09/2026 15:03
6a4960f6-e6c1-4be6-8cc4-6d1f8541fef5,blowout.prof,available,21.11,21.11,high,low,7,porkbun,,,27/09/2026 16:59
98effb91-bcba-4e4b-ae3b-5d272edc1ccb,bathsheba.prof,available,25.98,29.38,medium,low,9,namecheap,,,22/09/2026 13:52
a7ef545e-bb42-4149-aed7-0883d8df6f50,ergonomic.prof,available,25.98,29.38,high,low,9,namecheap,,,17/08/2026 12:11
829ec70d-e753-4ca5-8128-89f17e75044c,hiding.prof,available,25.98,29.38,high,low,6,namecheap,,,08/09/2026 11:45
bbb457a4-3879-4e43-a117-66be8f006b3f,girth.prof,available,26.99,,high,low,5,name.com,,,
e0b657ed-dbfb-4b3f-b77c-540d325c1c4f,granddad.prof,available,26.99,,high,low,8,name.com,,,
e5b9f509-48f3-4f9a-8b97-00d9cea5d1db,invisible.prof,premium,115.7,115.7,high,low,9,namecheap,,,25/09/2026 08:03
90a96867-29b4-4621-9346-c226f6dd5499,smashingly.prof,available,25.98,29.38,medium,low,10,namecheap,,,16/09/2026 02:49
d5c0c91a-2b2d-4032-8526-abf9fb93e2a9,sulphuric.prof,available,25.98,29.38,medium,low,9,namecheap,,,11/09/2026 01:27
8c6b6b8a-7a2a-4a24-a0f2-9759bdf738d2,gist.prof,premium,63.7,63.7,high,low,4,namecheap,,,14/09/2026 23:42
04aa9831-c2dc-49dd-869d-aaec59b52ba3,gorky.prof,available,25.98,29.38,high,low,5,namecheap,,,18/09/2026 05:08
2560088b-3a03-43e1-be25-08748c054ab6,saturday.prof,premium,111.25,,high,low,8,name.com,,,
3e53dd9a-c14b-4f41-8611-b3f4edcabfc1,girlish.prof,available,25.98,29.38,high,low,7,namecheap,,,18/08/2026 23:59
f1a3e590-9ab8-4a71-936f-3ebf1f0622b9,fries.prof,premium,63.7,63.7,high,low,5,namecheap,,,24/09/2026 14:42
2c97f9fb-ca1c-4e85-83d1-b893ff83b7ba,qualification.prof,available,26.99,,high,low,13,name.com,,,
7333cf68-b2c3-47b4-8b3e-9d66185c58f3,altaic.prof,available,25.98,29.38,medium,low,6,namecheap,,,
80492fd0-4de4-4090-8d1a-4eddb7f85ec1,iridescent.prof,available,25.98,29.38,high,low,10,namecheap,,,12/08/2026 03:15
9ffcbdde-4240-4dbb-99bd-60999fa21fa2,reborn.prof,premium,198.75,198.75,high,low,6,name.com,,,10/08/2026 20:11
87823a08-31d2-4ece-bfd2-d2685e7e07c5,behrens.prof,available,25.98,29.38,high,low,7,namecheap,,,23/09/2026 03:56
0b0e2513-0102-4791-9275-2a0f15386725,dreamlike.prof,available,25.98,29.38,high,low,9,namecheap,,,14/08/2026 18:45
c148e8f3-7945-49cb-a7a5-ec7b119038ec,gari.prof,available,25.98,29.38,high,low,4,namecheap,,,23/09/2026 22:55
d208d50c-b833-476a-a97d-3642d69c3400,pettifog.prof,available,25.98,29.38,medium,low,8,namecheap,,,23/09/2026 13:20
fd5aff52-3eda-4c00-8f46-112f037b592d,transitive.prof,available,25.98,29.38,high,low,10,namecheap,,,11/09/2026 18:55
590f61ec-4d48-4c55-bb67-238b0272e04b,reel.prof,premium,115.7,115.7,high,low,4,namecheap,,,24/09/2026 06:24
116f1c22-4313-406e-9e83-e24b80383530,seize.prof,available,25.98,29.38,high,low,5,namecheap,,,23/09/2026 20:08
d387f36f-c90e-4f79-9a0e-13d045db390d,cambodian.prof,available,25.98,29.38,high,low,9,namecheap,,,11/08/2026 15:40
d5f093df-8038-4732-8eca-76c1a69633a4,disturbing.prof,available,25.98,29.38,medium,low,10,namecheap,,,14/08/2026 13:16
3b67b2f8-bbba-427e-9766-9228e824a775,maxim.prof,premium,811.25,,high,low,5,name.com,,,
7155997b-1d1c-414f-8753-9b1fc293ed9a,appro.prof,available,25.98,29.38,medium,low,5,namecheap,,,19/09/2026 22:20
3e975813-9fd5-4239-ab35-22640b68ca13,ataraxic.prof,available,25.98,29.38,low,low,8,namecheap,,,07/08/2026 12:49
b617db33-fc60-412e-b6d9-dcd52daeee29,omar.prof,premium,115.7,115.7,high,low,4,namecheap,,,25/09/2026 15:21
bac8ea60-8e49-4055-a3a4-c7cc888407a6,basseterre.prof,available,25.98,29.38,medium,low,10,namecheap,,,22/09/2026 12:18
3535d4b6-3dda-41d0-9c38-b54a4913b78f,banish.prof,available,25.98,29.38,medium,low,6,namecheap,,,24/09/2026 01:57
65f25bd2-9a65-4096-a8c6-23461e88fcd9,teenage.prof,premium,206.7,206.7,high,low,8,namecheap,,,11/09/2026 10:07
04e6cff9-9b8e-4dc5-8ee6-1e386e135971,commuter.prof,available,25.98,29.38,high,low,8,namecheap,,,24/09/2026 16:39
28c75c48-52e6-451e-8583-68b31beeadf3,nurture.prof,available,25.98,29.38,high,low,7,namecheap,,,09/09/2026 11:05
bc8af2f8-bb94-4dc1-b99f-8b4b8be8293a,intimate.prof,premium,63.7,63.7,high,low,8,namecheap,,,25/09/2026 10:27
ca8cb9ae-1f0f-4e19-bcef-92c02890aae2,alcyone.prof,available,25.98,29.38,medium,low,7,namecheap,,,20/08/2026 22:22
4d2d84b0-56fb-4d3a-8535-ac740019f5ec,welfare.prof,premium,111.25,111.25,high,low,7,name.com,,,08/09/2026 03:13
3b017a94-fe1b-46a2-b05e-c6dbd9b8f186,whatever.prof,premium,115.7,115.7,high,low,8,namecheap,,,22/09/2026 06:56
56839834-3a12-459a-bb03-830d535b6d73,ritually.prof,available,25.98,29.38,medium,low,8,namecheap,,,15/09/2026 23:55
2a07b9bf-b00e-498b-8462-727c5f45b2fe,motivate.prof,premium,115.7,115.7,high,low,8,namecheap,,,27/09/2026 07:34
75c8d412-fbb9-4eb6-b234-c0979a809889,gory.prof,available,25.98,29.38,medium,low,4,namecheap,,,10/08/2026 15:23
194dcf24-abf3-472a-8238-ce827d2344e7,jumbo.prof,premium,111.25,111.25,high,low,5,name.com,,,16/08/2026 03:34
0366e409-359c-4d49-8002-08eb0ba233c2,concrete.prof,premium,206.7,206.7,high,low,8,namecheap,,,23/09/2026 19:16
32443194-9d9e-428a-b1eb-3bd8f7b6557f,shed.prof,premium,115.7,115.7,high,low,4,namecheap,,,23/09/2026 12:18
241f4f1e-b6d4-4778-b820-d5099cf9b89e,antitumor.prof,available,25.98,29.38,high,low,9,namecheap,,,22/09/2026 06:40
1ed116dc-af9b-4cff-a8d7-ed62eb0a09f3,nonionic.prof,available,25.98,29.38,medium,low,8,namecheap,,,03/09/2026 19:33
43abe6a7-1195-4ad4-951a-c6513919eea2,bannister.prof,available,25.98,29.38,medium,low,9,namecheap,,,22/09/2026 00:23
ac4e8cf1-6ce0-4b94-84e6-aff441eec280,turds.prof,available,25.98,29.38,low,low,5,namecheap,,,18/09/2026 11:32
919d520e-61be-4139-8d0d-1ad3048cde42,pukka.prof,available,25.98,29.38,medium,low,5,namecheap,,,09/09/2026 05:24
b53dc9a5-0972-4a1d-b9d7-7c5874b2743c,bangui.prof,available,25.98,29.38,medium,low,6,namecheap,,,22/09/2026 02:03
8f729d21-917f-4582-93ce-dc39531fb11d,opt.prof,premium,198.75,,high,low,3,name.com,,,
af710670-3574-4db6-bf72-cafeb7168383,convolve.prof,available,25.98,29.38,medium,low,8,namecheap,,,13/08/2026 00:01
2f8b3c6d-c5a4-4ba8-87ad-4227a64c413c,lets.prof,premium,206.7,206.7,high,low,4,namecheap,,,18/09/2026 18:55
617b118a-a6c9-4ee5-8f9d-af980ecf1d2a,appraisals.prof,available,25.98,29.38,medium,low,10,namecheap,,,08/09/2026 07:32
c81d3a1e-e0fc-4655-816f-e2ce79e10002,unseeing.prof,available,25.98,29.38,high,medium,8,namecheap,,,10/09/2026 07:57
023a857e-1c43-4c1c-ad41-a6b392e4ea92,titular.prof,available,25.98,29.38,medium,low,7,namecheap,,,11/09/2026 16:32
f8d88073-4903-4df2-a467-b4dffbf19eba,adaxial.prof,available,25.98,29.38,medium,low,7,namecheap,,,
73918fb3-9f7f-42e6-a398-2d9b7a52dfe6,toitoi.prof,available,25.98,29.38,medium,low,6,namecheap,,,20/09/2026 12:23
d389c84e-63ad-42b7-a2a3-c76119168bdb,spue.prof,available,25.98,29.38,high,medium,4,namecheap,,,10/09/2026 07:40
3dc38869-c805-4c52-9509-962eafc613bf,exacting.prof,available,25.98,29.38,high,low,8,namecheap,,,17/08/2026 15:32
ec4b9cb9-dcae-4631-af81-786ca9d7ce57,attilio.prof,available,25.98,29.38,medium,low,7,namecheap,,,21/09/2026 01:49
e477cb05-dec9-4bbd-9500-0086d86fe3ea,variegated.prof,available,25.98,29.38,medium,low,10,namecheap,,,13/09/2026 01:18
22e65319-cf16-433d-bba6-a2d5ef06ba78,abaxial.prof,available,25.98,29.38,medium,low,7,namecheap,,,
c3c3f135-12da-4063-af98-b70fe1bd6e07,resignation.prof,available,26.99,,high,low,11,name.com,,,
74e08d73-72fa-4521-beef-6f1fe0cfc6cb,auntie.prof,available,26.99,37.99,high,low,6,name.com,,,21/09/2026 04:11
c100e84a-5cfd-4ca7-b9d2-3d7e5cd33cda,matted.prof,available,25.98,29.38,medium,low,6,namecheap,,,24/08/2026 16:52
fb72c0d4-140d-408d-8d1c-035ba5702d0e,softly.prof,available,25.98,29.38,high,low,6,namecheap,,,27/09/2026 03:45
6c426427-fe32-41fe-b85d-f49186a48144,mendacious.prof,available,25.98,29.38,medium,low,10,namecheap,,,24/08/2026 20:04
b28b8e35-a5c9-41ba-8a11-522057e51027,dialogue.prof,premium,115.7,115.7,high,low,8,namecheap,,,24/09/2026 22:11
c781096f-80c4-40b1-84d8-9f992054e38e,preparing.prof,available,25.98,29.38,high,low,9,namecheap,,,27/09/2026 06:40
6d0de782-f7fd-4c9f-bfeb-6282eb506bb2,onside.prof,available,25.98,29.38,medium,low,6,namecheap,,,04/09/2026 15:17
9539b336-f6be-4ece-9595-9140b7dd840a,sleep.prof,premium,427.7,427.7,high,medium,5,namecheap,,,25/09/2026 05:45
861f7f51-b70f-4bd6-8f52-62a462ce4dfb,booking.prof,premium,843.7,843.7,high,high,7,namecheap,,,24/09/2026 07:06
2d190c3a-599b-4a5f-aa87-b1059871a14a,striped.prof,available,25.98,29.38,high,low,7,namecheap,,,10/09/2026 22:44
bfcb9cbe-eba3-416c-b183-b22c37939f73,hanker.prof,available,25.98,29.38,medium,low,6,namecheap,,,24/08/2026 08:57
c4c32992-8684-4964-a85d-c558a7982d57,crackle.prof,available,25.98,29.38,high,low,7,namecheap,,,13/08/2026 04:25
19eb1d09-2d16-4037-b737-68b0a1ceb3f9,explorer.prof,premium,411.25,,high,low,8,name.com,,,
2dc5d6b3-c1be-408b-a88a-7cab796add1f,ambrosial.prof,available,25.98,29.38,medium,low,9,namecheap,,,
461e1f8e-05d5-4fb3-b210-de1b0605adc3,spiritous.prof,available,25.98,29.38,medium,low,9,namecheap,,,10/09/2026 16:00
770557e7-0fad-4639-a945-e5156e329eb6,unranked.prof,available,25.98,29.38,medium,low,8,namecheap,,,12/09/2026 17:44
105efb65-b1ba-4c47-9393-79492a841340,depot.prof,premium,206.7,206.7,high,low,5,namecheap,,,11/09/2026 11:49
5eda97fe-841a-425c-b0d0-06f55a9f6afd,strife.prof,available,25.98,29.38,high,low,6,namecheap,,,24/09/2026 22:33
06a31085-80bf-4824-9a54-af1f1897b770,bilgewater.prof,available,25.98,29.38,medium,low,10,namecheap,,,21/09/2026 23:46
d7e88249-b60e-4065-98a6-617b477812f3,pareve.prof,available,25.98,29.38,medium,low,6,namecheap,,,08/09/2026 01:25
a30d7f0e-7d70-4e9f-94b7-cec0fbcf8192,amenities.prof,available,25.98,29.38,high,low,9,namecheap,,,18/09/2026 18:52
af362021-0203-456a-82aa-b805e53b8d16,nail.prof,premium,427.7,427.7,high,low,4,namecheap,,,21/09/2026 16:04
3569f2be-81f5-4951-b18c-7a1053628931,plasma.prof,premium,97.68,97.68,high,low,6,porkbun,,,28/09/2026 00:56
2daf1dbc-6f23-4150-801f-ac116f0d048f,unaided.prof,available,25.98,29.38,medium,low,7,namecheap,,,12/09/2026 00:13
890ce144-0a96-4afd-ba10-84da13f27e0b,kim.prof,premium,843.7,843.7,high,low,3,namecheap,,,25/09/2026 19:17
51191c1c-e290-4c2b-b83d-b2657350c079,oviparous.prof,available,25.98,29.38,medium,low,9,namecheap,,,04/09/2026 22:09
35ad97a3-e90a-458d-900f-062ee720a56f,sexless.prof,available,25.98,29.38,medium,low,7,namecheap,,,10/09/2026 05:17
cf245754-3ec7-4187-97ab-01c1eadb723c,expedient.prof,available,25.98,29.38,high,low,9,namecheap,,,17/08/2026 18:06
cd045b01-1916-4031-835e-7f168c5f9c20,tattered.prof,available,25.98,29.38,high,medium,8,namecheap,,,10/09/2026 06:05
374349ca-4ae8-4534-b329-fc6f2a49d1c8,maimed.prof,available,25.98,29.38,medium,low,6,namecheap,,,24/08/2026 13:20
64635a76-c610-4bbe-b210-72c8f34a0e54,uncut.prof,available,25.98,29.38,high,low,5,namecheap,,,12/09/2026 06:52
954d52d8-0f17-4d50-add6-535a7ccd0e56,strenuous.prof,available,25.98,29.38,medium,low,9,namecheap,,,10/09/2026 21:45
3e6327d6-7f36-4366-8313-916891c0e9f0,germfree.prof,available,25.98,29.38,medium,low,8,namecheap,,,18/08/2026 22:48
67c736c9-72e7-400c-a0a5-de52891f204e,linelike.prof,available,25.98,29.38,medium,low,8,namecheap,,,23/08/2026 15:03
ced1d0ff-e937-4abb-a5f6-75a4ec6a49ea,aquatic.prof,premium,111.25,111.25,high,low,7,name.com,,,06/08/2026 10:45
12238505-0b86-4ba4-8ca8-9585523106bf,xxviii.prof,available,25.98,29.38,medium,low,6,namecheap,,,
cbd9ab2c-bf80-4895-bf13-2c1d10c232a8,dopy.prof,available,25.98,29.38,medium,low,4,namecheap,,,14/08/2026 16:02
d521834d-20eb-4477-a9ae-7f0fbe71e33a,bawdy.prof,available,25.98,29.38,medium,low,5,namecheap,,,09/08/2026 02:05
74bcc35d-466c-474f-9325-22daac50dd82,empowered.prof,available,25.98,29.38,high,low,9,namecheap,,,16/08/2026 18:26
188b182c-8fc3-491c-94e1-180966252634,squashy.prof,available,25.98,29.38,medium,low,7,namecheap,,,10/08/2026 17:16
dcdf76e0-1c6a-4125-8434-09db317ffe70,order.prof,premium,843.7,843.7,high,medium,5,namecheap,,,23/09/2026 20:44
a2fbdeae-f3da-4015-80aa-e0194b8cec15,composite.prof,premium,63.7,63.7,high,low,9,namecheap,,,23/09/2026 17:39
b0104f46-7fc3-4360-8e65-e79f955c9e67,attach.prof,available,25.98,29.38,high,low,6,namecheap,,,23/09/2026 19:57
0d035f70-7a26-467d-ae43-c94b3790338f,abuzz.prof,available,25.98,29.38,medium,low,5,namecheap,,,
4ee42554-1ec6-4ddd-9278-941a5bff6eab,disturb.prof,available,26.99,,high,low,7,name.com,,,
b51a6737-723e-4c7c-b94e-78770695dc28,climber.prof,available,25.98,29.38,high,low,7,namecheap,,,24/09/2026 15:39
c22003ab-018d-4b9b-89ab-7c5d58fc5a85,agapornis.prof,available,25.98,29.38,medium,low,9,namecheap,,,17/09/2026 16:13
fcf80440-b563-4d89-a7c3-005097b1a79f,abbot.prof,available,25.98,29.38,medium,low,5,namecheap,,,16/09/2026 14:31
28b4ca96-1ae6-44e7-aa3f-c18e61f8bb79,birder.prof,available,25.98,29.38,high,low,6,namecheap,,,23/09/2026 20:38
23b0e63a-3e8b-4a9a-b82f-93dd2a620580,treat.prof,premium,115.7,115.7,high,low,5,namecheap,,,24/09/2026 04:23
84616d47-119c-41ec-8d8c-ea7bdabf4c33,beetle.prof,premium,61.25,61.25,high,low,6,name.com,,,09/08/2026 08:17
d087ec6f-1a67-438f-9a71-1d45b6315d42,thankful.prof,available,25.98,29.38,high,low,8,namecheap,,,24/09/2026 22:54
c2955763-405c-4644-9556-e00f1511661f,victuals.prof,available,25.98,29.38,medium,low,8,namecheap,,,12/08/2026 18:52
d340a2d3-4229-4002-8756-ed05891f35a1,untwisted.prof,available,25.98,29.38,medium,low,9,namecheap,,,12/09/2026 21:56
3a560112-7c69-4cfa-9d98-bd0c4b6642c8,federated.prof,available,25.98,29.38,high,low,9,namecheap,,,18/08/2026 00:38
1c3bc4e4-edb3-4190-933d-2f2e5306dcc4,owner.prof,premium,206.7,206.7,high,low,5,namecheap,,,25/09/2026 09:45
607a286b-3437-4010-b988-757360f6821f,vivacious.prof,available,25.98,29.38,high,low,9,namecheap,,,13/09/2026 05:07
bfafb14e-bd64-4339-9ddf-8f792936beda,xxxiii.prof,available,25.98,29.38,medium,low,6,namecheap,,,
5e2c8113-42a3-45fc-a92d-dc8fd51a724f,collarbone.prof,available,26.99,,medium,low,11,name.com,,,
a2eb0a0b-fcf8-4df5-b94a-9491b0d0ebc3,julia.prof,premium,427.7,427.7,high,low,5,namecheap,,,25/09/2026 19:23
77a39cd9-d120-40ee-99f1-1260106d8389,acheson.prof,available,25.98,29.38,medium,low,7,namecheap,,,17/09/2026 00:31
eccf3b1a-0be5-4f37-9605-6a1b0c2a9464,malt.prof,premium,61.25,61.25,high,low,4,name.com,,,24/08/2026 14:13
c6d7383f-0e02-4186-bd18-e45eef63ff4f,agenesis.prof,available,25.98,29.38,medium,low,8,namecheap,,,17/09/2026 17:08
daf91f9e-7887-4b19-9cab-80c0de1e6180,caesium.prof,available,25.98,29.38,medium,low,7,namecheap,,,20/09/2026 23:16
e8d0c5d6-6669-4bba-b194-a62e09c26f55,tritely.prof,available,25.98,29.38,low,low,7,namecheap,,,16/09/2026 09:30
bd208b30-f99b-476b-b6fe-ca9e6417ff69,sinclair.prof,available,26.99,37.99,high,low,8,name.com,,,25/09/2026 04:16
1670cb27-ef01-4424-8edb-317b06142e96,allhallows.prof,available,26.99,37.99,medium,low,10,name.com,,,18/09/2026 09:24
f9651d5f-610a-4b90-8f46-a2acc54e8007,yellowcake.prof,available,26.99,,medium,low,11,name.com,,,
b8bcacb6-4eb5-4ec4-8ad6-d1b0ccc95e76,landing.prof,premium,111.25,,high,low,7,name.com,,,
bec5ca83-4251-4abc-9c81-c047b0608846,bench.prof,premium,115.7,115.7,high,low,5,namecheap,,,23/09/2026 07:36
ba44cb05-59fc-4b97-aad2-d372332a34ee,reasons.prof,premium,63.7,63.7,medium,low,7,namecheap,,,25/09/2026 20:13
43f3975f-3c31-4e83-adb4-4120d28fd75b,smitten.prof,available,25.98,29.38,high,low,7,namecheap,,,16/08/2026 21:16
a5aa4b0e-94ef-4f07-b782-2db24aa3c7dc,affects.prof,available,25.98,29.38,medium,low,7,namecheap,,,20/09/2026 03:57
e52549fa-8409-4dae-b330-3db7faa1ecb8,unlicensed.prof,available,25.98,29.38,medium,low,10,namecheap,,,11/09/2026 23:37
5807f4af-ab64-43fc-aec0-7cf8747d5d44,kernel.prof,premium,63.7,63.7,high,low,6,namecheap,,,14/09/2026 23:39
9ad5d040-1ece-4a4e-a665-e7c96d45d68a,shows.prof,premium,843.7,843.7,high,low,5,namecheap,,,18/09/2026 14:42
60119bfb-bfa9-41f2-83ab-725855c2190c,katz.prof,premium,63.7,63.7,high,low,4,namecheap,,,25/09/2026 15:43
4ca4251b-d750-40c6-8089-aa810ac64ff7,pocketbook.prof,available,25.98,29.38,high,low,10,namecheap,,,23/09/2026 16:19
163dd081-2e86-45dd-81fa-ed4805f4c019,bearskin.prof,available,25.98,29.38,high,low,8,namecheap,,,22/09/2026 21:25
e0592952-d61c-497d-81c6-6ee50082bc11,readable.prof,available,25.98,29.38,high,low,8,namecheap,,,13/08/2026 21:32
7d31d00f-2571-4451-ae36-71fe080d7ac4,cloth.prof,premium,89.2,,high,low,5,unstoppable,,,28/09/2026 02:26
c455abb4-92da-4324-8a75-8bb39c3391c3,beehive.prof,premium,63.7,63.7,high,low,7,namecheap,,,23/09/2026 01:16
3a85f7bc-f459-4622-8c78-e032e8e4d776,precooled.prof,available,25.98,29.38,high,medium,9,namecheap,,,09/09/2026 01:18
db501e9f-d9c5-4cca-83d3-20506800ae67,pimply.prof,available,25.98,29.38,medium,low,6,namecheap,,,
2b29bbbb-6d07-4d38-9903-505f45ee87fb,niebuhr.prof,available,25.98,29.38,medium,low,7,namecheap,,,22/09/2026 09:08
1737bd01-ac79-4554-b9cc-13524549ce40,froze.prof,available,26.99,,medium,low,5,name.com,,,
834cec58-d654-4e2b-b705-9b14372e3adb,adornment.prof,available,25.98,29.38,high,low,9,namecheap,,,17/09/2026 09:46
e084a75b-b112-496f-aa20-c227ccf56e5c,dada.prof,premium,206.7,206.7,high,high,4,namecheap,,,08/09/2026 23:40
15563816-362f-4c20-90f1-f1f7ed86ffe4,burp.prof,available,25.98,29.38,high,low,4,namecheap,,,23/09/2026 04:37
1a03fbdf-1425-4284-a636-404723c23aa2,apathetic.prof,available,25.98,29.38,medium,low,9,namecheap,,,05/08/2026 22:04
8b8f3a11-a7c1-4260-8974-4b6641a135f8,bicycle.prof,premium,427.7,427.7,high,low,7,namecheap,,,27/09/2026 03:10
bff43419-ac2e-4be5-b01a-df49c624a595,caribbean.prof,premium,206.7,206.7,high,low,9,namecheap,,,24/09/2026 13:00
caece62c-a95f-41b2-bf83-bb6201eecf41,humoral.prof,available,25.98,29.38,medium,low,7,namecheap,,,21/08/2026 15:21
5ea659cf-0eb0-4763-8d7f-638339f12416,sideways.prof,available,25.98,29.38,high,low,8,namecheap,,,24/09/2026 01:14
11135b03-dac0-48c5-89a5-47fecbe0db1e,slew.prof,available,25.98,29.38,high,low,4,namecheap,,,25/08/2026 00:42
c21ad7aa-9b08-4c0c-969d-fa61f4d9d1d3,ferine.prof,available,25.98,29.38,medium,low,6,namecheap,,,18/08/2026 01:16
9bf7d62f-4969-4998-9335-c9b50a61e45a,dwarf.prof,premium,61.25,61.25,medium,low,5,name.com,,,24/08/2026 22:31
76fd5b45-99c2-4709-a6dd-435a8b858b91,admiral.prof,premium,63.7,63.7,high,low,7,namecheap,,,17/09/2026 08:46
53b2467b-8238-4d93-bf63-2a9d04066991,baste.prof,available,25.98,29.38,medium,low,5,namecheap,,,22/09/2026 12:43
5be697f8-ced9-48ac-8085-525b8545f023,unintended.prof,available,25.98,29.38,medium,low,10,namecheap,,,12/09/2026 13:30
b36cda13-10c1-4abd-96e4-ad0c8c0bd455,upriver.prof,available,25.98,29.38,medium,low,7,namecheap,,,12/09/2026 23:26
3e971844-1d9d-4235-a6d0-673ab064d1a2,sin.prof,premium,427.7,427.7,high,medium,3,namecheap,,,10/09/2026 08:32
c9c88d74-204c-4bf1-8d1c-d0dfdc860462,misses.prof,available,26.99,,high,low,6,name.com,,,
bdf6f86b-efdb-48ab-9a56-52d1cc2cac47,liaise.prof,available,25.98,29.38,high,low,6,namecheap,,,22/08/2026 08:15
d58a25db-b81a-483c-951d-cff1f01402ba,indoor.prof,premium,115.7,115.7,high,low,6,namecheap,,,16/09/2026 19:42
b1b57ad5-57a3-4cbb-b2ec-00572439f15e,alcove.prof,available,25.98,29.38,high,low,6,namecheap,,,18/09/2026 04:11
65a5b7dd-34a7-476f-a2da-125f668edfed,funds.prof,premium,411.25,,high,low,5,name.com,,,
371a6743-0517-44c0-bc08-c707a11f2b7c,brie.prof,available,26.99,,high,low,4,name.com,,,
334d53d5-7f8c-4e75-8d58-bfb5e1625d0b,arhat.prof,available,25.98,29.38,medium,low,5,namecheap,,,20/09/2026 05:05
7672ca56-5e45-445f-ab06-08acc80edba1,bloom.prof,premium,198.75,198.75,high,medium,5,name.com,,,22/09/2026 22:34
5c386fea-e229-4c4c-8502-dffb71628eb9,linnaean.prof,available,25.98,29.38,medium,low,8,namecheap,,,23/08/2026 16:38
86c89eb9-5e0f-44ee-902c-4e5e2218e9db,combined.prof,premium,61.25,61.25,high,low,8,name.com,,,12/08/2026 18:36
d77bcf87-9e7c-4761-872a-9ba69ff1c14b,seditious.prof,available,25.98,29.38,medium,low,9,namecheap,,,22/08/2026 01:29
06af5af3-43bf-408c-b59e-78a7c4373ae3,appetizer.prof,available,25.98,29.38,high,low,9,namecheap,,,19/09/2026 20:45
866c1faa-0d96-49cc-aad8-3a88e23e1fb8,banksia.prof,available,25.98,29.38,high,low,7,namecheap,,,22/09/2026 02:53
435b42ad-0d70-414f-91ba-af03c474cd0f,cbs.prof,premium,115.7,115.7,high,medium,3,namecheap,,,25/09/2026 13:14
d62ce51f-57ef-4004-b132-b4977314df74,nub.prof,premium,115.7,115.7,high,low,3,namecheap,,,14/09/2026 23:53
5cef81d1-194a-4943-b78e-87f95c5c9ef6,followed.prof,available,25.98,29.38,medium,low,8,namecheap,,,25/09/2026 17:12
0828f768-3fde-47e0-b139-ec2b5c1c62c5,origin.prof,premium,206.7,206.7,high,low,6,namecheap,,,08/09/2026 13:23
fb19d2fe-862f-452d-9d86-46aa4b3caa75,blocky.prof,available,25.98,29.38,medium,low,6,namecheap,,,10/08/2026 14:53
0f89d657-a9c9-4e7f-901a-b2c9923008f4,cares.prof,premium,63.7,63.7,medium,low,5,namecheap,,,27/09/2026 02:10
9f15c369-a3cb-4fd2-9ed6-2c5bcdbfff05,cheyenne.prof,available,25.98,29.38,high,low,8,namecheap,,,24/09/2026 12:34
7a64fcde-baf3-487d-bbe1-3e3836b1ae01,sycophant.prof,available,25.98,29.38,medium,low,9,namecheap,,,20/09/2026 15:34
cd8e6e6d-17ac-4b6f-bd73-e0523a194f9b,steaming.prof,available,25.98,29.38,medium,low,8,namecheap,,,10/09/2026 19:42
dde9c1a8-9dd6-4823-b9e3-b1679092fe6d,bedouin.prof,available,25.98,29.38,high,low,7,namecheap,,,22/09/2026 23:26
d52dfb63-08cd-42b6-950b-b3e25a0a7fe9,cluster.prof,premium,206.7,206.7,high,low,7,namecheap,,,24/09/2026 11:12
75d87585-5b03-4f99-b3b4-dfe9d6b7dde1,blonde.prof,premium,206.7,206.7,high,low,6,namecheap,,,22/09/2026 22:17
6be53a22-6d98-4ff8-be85-c6315ca15281,sting.prof,premium,63.7,63.7,high,low,5,namecheap,,,10/09/2026 20:46
76d02bb3-78b2-4bf7-b10d-b7d317397218,alluvial.prof,available,25.98,29.38,high,low,8,namecheap,,,
ff5414f1-99f3-41fe-92c3-6c82d5da3bbe,workaday.prof,available,25.98,29.38,medium,low,8,namecheap,,,17/08/2026 14:58
032246b8-3a1e-41bc-8e42-a7a8c7ffca68,inlaid.prof,available,25.98,29.38,medium,low,6,namecheap,,,22/08/2026 05:47
af991048-cd07-4388-a135-825d920801bc,billy.prof,premium,206.7,206.7,high,low,5,namecheap,,,23/09/2026 16:44
fe72a1ca-f1ab-4766-b434-4edf706cb702,evilly.prof,available,25.98,29.38,low,low,6,namecheap,,,14/09/2026 16:42
d4427b1d-2d6e-4b1b-8476-239a4936bc18,wallace.prof,premium,115.7,115.7,high,low,7,namecheap,,,18/09/2026 06:43
58af42a8-a1d9-43c0-a33d-65633905410c,stickup.prof,available,25.98,29.38,medium,low,7,namecheap,,,20/09/2026 06:38
28d85327-0021-481e-af08-ece6ec94d196,spirea.prof,available,25.98,29.38,medium,low,6,namecheap,,,20/09/2026 17:27
93a0fe3d-81e4-4083-a09b-2bdb35aa6548,unhurried.prof,available,25.98,29.38,medium,low,9,namecheap,,,12/09/2026 12:39
20f87f5d-ecf8-4000-ae06-ae24839f0e8f,coated.prof,available,25.98,29.38,medium,low,6,namecheap,,,12/08/2026 14:14
34a9b91d-af23-4351-a9eb-6aaa34a93d23,aotus.prof,available,25.98,29.38,medium,low,5,namecheap,,,19/09/2026 16:05
4038177a-bfd3-463e-82d7-64d4e206a113,elfin.prof,available,25.98,29.38,high,low,5,namecheap,,,16/08/2026 03:37
824b1969-37ff-45e1-a609-c0ecc9f6d688,wrinkle.prof,available,25.98,29.38,medium,low,7,namecheap,,,13/08/2026 07:11
0963c7b0-efea-45f0-bc47-d25967b0aec3,behring.prof,available,25.98,29.38,high,low,7,namecheap,,,23/09/2026 04:03
c9523f54-6673-4c62-a9ba-648a9e970e14,revengeful.prof,available,25.98,29.38,medium,low,10,namecheap,,,09/09/2026 16:00
d3a057ee-e98a-4f4c-a458-04f5034d0ffa,symons.prof,available,25.98,29.38,medium,low,6,namecheap,,,20/09/2026 11:07
6e350392-3e62-4400-a385-01a2a4d8cf46,columbian.prof,available,25.98,29.38,medium,low,9,namecheap,,,12/08/2026 18:12
a40721d7-8c2c-419f-b2ec-e28cb552af88,lucullan.prof,available,25.98,29.38,medium,low,8,namecheap,,,24/08/2026 11:00
875eacbf-74c6-4e1a-9d04-e5e4fb9281af,confirm.prof,premium,63.7,63.7,high,low,7,namecheap,,,27/09/2026 05:57
cb690db1-4576-4778-8c12-ef35f2511210,airbrush.prof,available,25.98,29.38,high,low,8,namecheap,,,17/09/2026 23:00
90bdb320-8646-446a-ba55-acae9bfd368a,suspension.prof,available,26.99,,high,low,10,name.com,,,
a5cb631d-efc2-4a9a-aa47-5c06d3842105,coarse.prof,available,25.98,29.38,medium,low,6,namecheap,,,12/08/2026 13:56
db4c2f77-57d7-4992-b0e7-6bda17dc29c4,amenra.prof,available,25.98,29.38,medium,low,7,namecheap,,,18/09/2026 18:32
d122ca97-b7b5-4e92-acf8-340696361a6e,taxes.prof,premium,411.25,,medium,low,5,name.com,,,
07d088bb-36c7-4a4c-b0e7-d7108a213dcd,amass.prof,available,25.98,29.38,medium,low,5,namecheap,,,12/08/2026 16:53
dfa116c2-dee6-47c4-a94c-5fed87543313,aptitude.prof,available,25.98,29.38,high,low,8,namecheap,,,19/09/2026 22:41
f7090462-7ec1-4900-b65d-d13cba32521b,unpaired.prof,available,25.98,29.38,medium,low,8,namecheap,,,12/09/2026 15:30
b3509e66-2b0e-493d-910e-14fe24da8cf9,profitability.prof,available,25.98,29.38,high,low,13,namecheap,,,25/09/2026 17:23
511ec75a-1406-4fb8-8b38-397f9be304ce,await.prof,available,26.99,,high,low,5,name.com,,,
3fb239b8-5e68-4c17-8f47-1424fd816364,screeching.prof,available,25.98,29.38,medium,low,10,namecheap,,,09/09/2026 23:59
72f907e6-581e-4fde-9d5f-8256424e2e94,balker.prof,available,25.98,29.38,medium,low,6,namecheap,,,03/09/2026 18:54
36134567-f573-4ad6-8db3-d3737ea94d4f,blending.prof,available,25.98,29.38,high,low,8,namecheap,,,24/09/2026 05:51
66729309-e35b-4fde-9a5d-721835c1560c,role.prof,premium,206.7,206.7,high,low,4,namecheap,,,25/09/2026 09:54
4767a80c-bda1-4967-9bc6-c8467b62f1ad,migratory.prof,available,25.98,29.38,medium,low,9,namecheap,,,24/08/2026 22:49
457fb34c-3028-4db6-bb7a-ed340e576350,freak.prof,premium,115.7,115.7,high,low,5,namecheap,,,17/09/2026 06:50
12a89216-6a16-465e-8326-4d5d72ea1e79,apeldoorn.prof,available,25.98,29.38,medium,low,9,namecheap,,,19/09/2026 16:24
d62051d2-da51-40de-910f-fd58f7091d23,pushy.prof,available,25.98,29.38,high,medium,5,namecheap,,,09/09/2026 06:37
8b3e80a7-ba82-4878-8b95-4f075b0c4050,rigorous.prof,available,20.2,20.2,high,low,8,cloudflare,,,27/09/2026 15:20
88a35f0e-86ae-4deb-b7ec-18b2169ef261,insofar.prof,available,25.98,29.38,medium,low,7,namecheap,,,15/09/2026 06:43
a0302fd1-3f99-490a-9aa9-585f59a76aaf,courage.prof,premium,61.25,,high,low,7,name.com,,,
d24672d6-39d6-4d0d-be5f-ef410444c73c,comic.prof,premium,843.7,843.7,high,low,5,namecheap,,,23/09/2026 15:15
f8acac02-e8a3-495b-9fa3-7b4a793a8d47,promote.prof,premium,159.2,,high,low,7,unstoppable,,,28/09/2026 03:19
5ee45434-292c-41e8-8c00-305cd62ccb51,storage.prof,premium,843.7,843.7,high,low,7,namecheap,,,23/09/2026 08:25
35ea19dd-b097-4bb2-b898-3bddf83d2bf3,downside.prof,available,25.98,29.38,medium,low,8,namecheap,,,24/09/2026 23:40
17cb7aa6-2c1f-4ab6-bc61-bf03fd1e6dd1,prayer.prof,premium,206.7,206.7,high,low,6,namecheap,,,28/09/2026 01:59
506daa96-1d39-4d7f-bbd2-690e257da6f0,gimp.prof,available,25.98,29.38,medium,low,4,namecheap,,,23/08/2026 13:28
b570e882-2b57-4cf6-b542-965e32109f21,poop.prof,premium,111.25,111.25,high,low,4,name.com,,,24/08/2026 10:29
7dc263a3-3a30-44bc-8237-ec3929c709c3,occasion.prof,premium,61.25,,high,low,8,name.com,,,
9fba0dec-c1ae-4d0a-897f-912b45a4ac59,copperhead.prof,available,25.98,29.38,medium,low,10,namecheap,,,17/09/2026 18:16
e511a929-b9bb-4080-ad58-456cdde78636,shorn.prof,available,25.98,29.38,high,medium,5,namecheap,,,10/09/2026 06:11
aee3e1a7-a183-4a6c-b6e7-eebda583e01f,sideboard.prof,available,25.98,29.38,high,low,9,namecheap,,,24/09/2026 10:55
661efd87-4411-4e23-b410-858640c8fbc0,sandalled.prof,available,25.98,29.38,high,medium,9,namecheap,,,09/09/2026 21:12
31d6c294-1019-41b2-8a30-46182ee83ccd,susurrous.prof,available,25.98,29.38,medium,low,9,namecheap,,,03/09/2026 11:24
5e40e149-a4b5-4330-b6cb-7ecca1ffe72c,irwin.prof,premium,63.7,63.7,medium,low,5,namecheap,,,25/09/2026 20:02
f8701841-ddbe-4925-b1d4-ee2e1c1c0e0c,scholar.prof,premium,115.7,115.7,high,low,7,namecheap,,,20/09/2026 16:28
cd9e540d-53a5-4672-8d24-2759e6bbdb3d,chiang.prof,available,25.98,29.38,medium,low,6,namecheap,,,25/09/2026 16:34
41654778-83c7-48f3-9f0c-704c2deab507,libyan.prof,available,25.98,29.38,high,low,6,namecheap,,,23/08/2026 00:54
a71634f6-6028-4995-93b9-e35ae2b415cb,don.prof,premium,427.7,427.7,high,low,3,namecheap,,,27/09/2026 08:52
82fec97a-711a-421a-89ff-7f0f42567c1f,harvard.prof,premium,427.7,427.7,high,medium,7,namecheap,,,19/09/2026 06:08
5215403e-9ec3-4e6b-b99d-621621370c33,lemony.prof,available,25.98,29.38,high,low,6,namecheap,,,22/08/2026 23:24
4a03281b-af65-435d-8880-412822ddf86f,apples.prof,premium,111.25,111.25,high,low,6,name.com,,,18/09/2026 14:01
75d001c0-38df-43cc-a960-d6ccf0e5a9b1,ceric.prof,available,25.98,29.38,medium,low,5,namecheap,,,12/08/2026 00:39
29c6d407-9dc1-46a3-a7a8-41b1a3801e7e,tabular.prof,available,25.98,29.38,high,low,7,namecheap,,,11/09/2026 06:55
189aee0b-1e04-4815-a5bd-6d90516bd132,gunner.prof,available,25.98,29.38,high,low,6,namecheap,,,20/09/2026 11:48
65e44408-acb8-4418-a06a-9d689b3f840e,blindfold.prof,available,25.98,29.38,high,low,9,namecheap,,,10/08/2026 14:26
a18e29ac-21f3-45f0-a56f-dd647e111122,getaways.prof,available,25.98,29.38,medium,low,8,namecheap,,,20/09/2026 18:37
2a698689-d329-4004-9895-2831c036dfb8,authorised.prof,available,25.98,29.38,high,low,10,namecheap,,,22/09/2026 13:51
64b2cc22-3224-4639-9916-07befe55c01f,suspects.prof,available,25.98,29.38,medium,low,8,namecheap,,,27/09/2026 03:17
a9295b4d-b85d-46c0-aef1-3a0a1ea8c7de,completing.prof,available,25.98,29.38,high,low,10,namecheap,,,23/09/2026 17:20
2897a568-4e95-4a12-bb60-e034de8a03f1,sirens.prof,available,25.98,29.38,medium,low,6,namecheap,,,21/09/2026 02:34
d02e1cba-ecf3-4eca-bd8e-4936acb28248,subsurface.prof,available,25.98,29.38,high,low,10,namecheap,,,11/09/2026 00:52
a0906693-45bf-4700-a44b-438f0e274616,tent.prof,premium,198.75,198.75,high,low,4,name.com,,,11/08/2026 15:59
7c6e0779-f468-488c-9ddd-35f8462061c3,acetin.prof,available,25.98,29.38,medium,low,6,namecheap,,,17/09/2026 00:06
dd513461-6b86-4533-8161-db3302c198b1,shuttle.prof,premium,,,high,low,7,,,,27/09/2026 15:53
2e27a14f-3452-45c7-87ce-c5c4167aae25,general.prof,premium,811.25,811.25,high,low,7,name.com,,,18/08/2026 21:23
f468ca99-5254-4bd0-9266-8145c28958eb,twopenny.prof,available,25.98,29.38,medium,low,8,namecheap,,,10/09/2026 09:10
f043f525-7b2b-4a99-8c2c-24f93182ca1a,autobus.prof,premium,63.7,63.7,medium,low,7,namecheap,,,21/09/2026 05:51
a7abd97e-5e5e-4a08-b219-8991c2c17c04,duck.prof,premium,198.75,,high,low,4,name.com,,,
8f23951e-5e3d-4778-b554-b2e8d938b2c9,meyers.prof,available,20.2,20.2,high,low,6,cloudflare,,,27/09/2026 20:50
42c2149c-c170-4aff-bec9-2bfa4a0f46e5,amply.prof,available,25.98,29.38,medium,low,5,namecheap,,,13/09/2026 19:37
775a0128-e838-4075-8222-d8ddbe6e01d8,screecher.prof,available,25.98,29.38,medium,low,9,namecheap,,,22/09/2026 17:04
2ba5285d-4ea0-41f0-a7d3-aedee925a04c,kidnapper.prof,available,25.98,29.38,medium,low,9,namecheap,,,16/09/2026 14:52
5f1f7486-4d97-4b78-b763-dc331890c337,pestilent.prof,available,25.98,29.38,medium,low,9,namecheap,,,08/08/2026 12:06
a3c055d6-0eb1-4923-bdd5-bccd5408b6dd,enrollment.prof,available,20.84,20.84,high,low,10,spaceship,,,28/09/2026 02:45
1806fb96-1f8e-4773-8cbf-3b3888298f34,seems.prof,available,25.98,29.38,medium,low,5,namecheap,,,18/09/2026 01:08
ff7e31d9-9ae0-450c-a896-2abce92ba6c8,ruminant.prof,available,25.98,29.38,high,medium,8,namecheap,,,09/09/2026 19:22
dd6c15c0-928a-4f66-919a-85901353a7d3,lookouts.prof,available,25.98,29.38,medium,low,8,namecheap,,,18/09/2026 10:55
80163731-6ae7-47e7-8e0e-80211038e652,banneret.prof,available,25.98,29.38,medium,low,8,namecheap,,,22/09/2026 02:54
eaba28f9-b175-46f3-8f3f-328bd1045377,faddy.prof,available,25.98,29.38,medium,low,5,namecheap,,,17/08/2026 20:35
9e1f13d5-e120-406b-9f70-3825a8731c3c,swan.prof,premium,427.7,427.7,high,low,4,namecheap,,,10/09/2026 22:05
91587499-7f78-4a5b-a31d-7578d5aa70ff,studied.prof,available,25.98,29.38,high,low,7,namecheap,,,10/09/2026 22:59
3c546d14-1d61-4447-8e00-672b31411a02,demons.prof,premium,63.7,63.7,low,low,6,namecheap,,,25/09/2026 21:42
d579f68d-d483-4b2c-a109-8c9355c080e6,warrior.prof,premium,206.7,206.7,high,low,7,namecheap,,,27/09/2026 05:52
87d8ffc4-f002-4cc4-bdd8-b84952a716c0,embonpoint.prof,available,25.98,29.38,medium,low,10,namecheap,,,12/08/2026 07:33
e9a67705-aa7b-4782-a9ab-8ecbad7bfe18,eyeless.prof,available,25.98,29.38,medium,low,7,namecheap,,,17/08/2026 20:02
282ee05f-eb01-4905-9dce-cfef64c1b38b,jack.prof,premium,811.25,,high,medium,4,name.com,,,
c5cf3b0f-0303-47b8-bb88-8f6a7cfae449,pans.prof,available,25.98,29.38,medium,low,4,namecheap,,,18/09/2026 08:22
7d9d3613-4f34-49e6-a302-fbba3f5a8de7,excellent.prof,premium,427.7,427.7,high,low,9,namecheap,,,24/09/2026 15:50
a5ecbc49-1013-4f4e-9ea0-e8fabc3ba738,poignant.prof,available,25.98,29.38,high,low,8,namecheap,,,
21c76cd3-058f-48d5-b0b3-408c3b28be48,penn.prof,premium,115.7,115.7,high,low,4,namecheap,,,25/09/2026 09:52
9b17c87d-7ebd-4858-8670-1cede0991d88,sure.prof,premium,843.7,843.7,high,low,4,namecheap,,,24/09/2026 21:05
d5956d00-f99f-49ab-9b08-6079c50816ea,batiste.prof,available,25.98,29.38,medium,low,7,namecheap,,,22/09/2026 14:05
778ea658-9688-4766-b86a-57a2931958b1,pissed.prof,available,25.98,29.38,medium,low,6,namecheap,,,
53c4650a-6b67-4510-a2b6-75493ddda228,resultant.prof,available,25.98,29.38,high,low,9,namecheap,,,
d36b7b08-2911-4230-af2d-b5d66fbddb57,conjugate.prof,available,25.98,29.38,high,low,9,namecheap,,,12/08/2026 22:11
b7ecd002-14e6-49bc-84c8-0a97b863a649,dumped.prof,available,25.98,29.38,low,low,6,namecheap,,,27/09/2026 03:17
d77d9a6e-f63b-41f3-ae63-7040273c040b,vargas.prof,premium,63.7,63.7,high,low,6,namecheap,,,27/09/2026 04:13
2314ca06-1042-4a97-8853-771ae885b74a,retraction.prof,available,25.98,29.38,high,low,10,namecheap,,,16/09/2026 15:59
9a6efe46-b58d-4135-a6fc-78732d647a93,athabascan.prof,available,25.98,29.38,medium,low,10,namecheap,,,20/09/2026 20:23
d02ae522-0287-430c-ab56-73816875b634,sugars.prof,available,25.98,29.38,medium,low,6,namecheap,,,18/09/2026 08:14
42c940f6-9c95-4c5d-8ab3-09d7ad71f1dd,minutes.prof,premium,198.75,,high,low,7,name.com,,,
f71c3e01-56f7-4bda-b665-f29e73b64a0b,wisdom.prof,premium,198.75,,high,low,6,name.com,,,
03e842a6-aa25-4825-ae3b-2400216ec30e,tusked.prof,available,25.98,29.38,medium,low,6,namecheap,,,11/09/2026 21:29
584e9794-eda9-43ca-b6b6-23b2aca9a132,classy.prof,premium,111.25,111.25,high,low,6,name.com,,,12/08/2026 09:52
d8883a0b-d689-4729-a145-438809477a5b,unsinkable.prof,available,25.98,29.38,medium,low,10,namecheap,,,12/09/2026 19:58
ae8ef7d9-d709-489c-bd52-a3d330d102c6,lieutenant.prof,available,20.2,20.2,high,low,10,cloudflare,,,28/09/2026 02:16
3fae2096-86a2-47da-a213-957676c380d7,armored.prof,available,25.98,29.38,high,low,7,namecheap,,,22/09/2026 08:00